store_code_name,store_code,store_town,state
LKST01-Rohini Delhi Store,LKST01,New Delhi,Delhi
LKST03-Mayur Vihar Delhi Store,LKST03,New Delhi,Delhi
LKST06-Dwarka Delhi Store,LKST06,New Delhi,Delhi
LKST1000-Ahmedabad_Chandkheda,LKST1000,Ahmedabad,Gujarat
LKST1001-Mumbai Nerul West,LKST1001,Mumbai,Maharashtra
LKST1002-Cochin_Thevara,LKST1002,Kochi,Kerala
LKST1004-Hyderabad_Shadnagar,LKST1004,Shadnagar,Telangana
LKST1005-Kota_Rangbadi,LKST1005,Kota,Rajasthan
LKST1010-Delhi_Bhanjanpura,LKST1010,New Delhi,Delhi
LKST1011-Ahmedabad_Ambawadi,LKST1011,Ahmedabad,Gujarat
LKST1012-Bangalore_JP Nagar,LKST1012,Bengaluru,Karnataka
LKST1013-Mohali Phase 10,LKST1013,Mohali,Punjab
LKST1014-Amritsar_Majitha Road,LKST1014,Majitha Road,Punjab
LKST1015-Lucknow_Ratan Khand,LKST1015,Lucknow,Uttar Pradesh
LKST1016-Mumbai_Old Panvel Khanda Colony,LKST1016,Mumbai,Maharashtra
LKST1018-Raipur_Shankar Nagar,LKST1018,Raipur,Chhattisgarh
LKST1019-Kolkata_Sakuntala Park1,LKST1019,Kolkata,West Bengal
LKST1021-Bangalore_Hennur,LKST1021,Bengaluru,Karnataka
LKST1022-Cochin_Kothamgalam,LKST1022,Kothamangalam,Kerala
LKST1023-Hyderabad_Neredmet,LKST1023,Hyderabad,Telangana
LKST1024-Chennai_Saidapet,LKST1024,Chennai,Tamil Nadu
"LKST1025-Hyderabad_ECIL road, Radhika theatre",LKST1025,Hyderabad,Telangana
LKST1026-Patna_Saguna more,LKST1026,Patna,Bihar
LKST1028-Bangalore_Singasandra,LKST1028,Bengaluru,Karnataka
LKST1029-Amritsar_Ranjit Avenue 1,LKST1029,Amritsar,Punjab
LKST1030-Jaipur_Chaura Rasta,LKST1030,Jaipur,Rajasthan
LKST1031-Ranchi_Bariatu,LKST1031,Ranchi,Jharkhand
LKST1033-Patna_Rajeev Nagar 1,LKST1033,Patna,Bihar
LKST1034-Surat_Ved Road 2,LKST1034,Surat,Gujarat
LKST1035-Kolkata_Bhadrakali 1,LKST1035,Hooghly,West Bengal
LKST1037-Jammu_Raghunath Bazar,LKST1037,Jammu,Jammu & Kashmir
LKST1038-Calicut_GH Road,LKST1038,Calicut,Kerala
LKST1039-Hyderabad_Kondapur,LKST1039,Hyderabad,Telangana
LKST103-Kengeri Bangalore,LKST103,Bengaluru,Karnataka
LKST1040-Chennai_Hastinapuram,LKST1040,Chennai,Tamil Nadu
LKST1041-Hyderabad_Mallapur,LKST1041,Hyderabad,Telangana
LKST1042-Pondicherry_Thavalakuppam,LKST1042,Puducherry,Puducherry
LKST1043-Gurgaon_Sector 10-2,LKST1043,Gurugram,Haryana
LKST1044-Raipur_Katora Talab,LKST1044,Raipur,Chhattisgarh
LKST1046-Kolkata_Basirahat,LKST1046,Kolkata,West Bengal
LKST1047-Mumbai Dahisar,LKST1047,Mumbai,Maharashtra
LKST1049-Bangalore_Begur 1,LKST1049,Bengaluru,Karnataka
LKST104-Kumarswamy layout Store,LKST104,Bengaluru,Karnataka
LKST1050-Chennai_Porur 1,LKST1050,Chennai,Tamil Nadu
LKST1051-Madurai_Iyer Bungalow,LKST1051,Madurai,Tamil Nadu
LKST1053-Chennai_MKB Nagar 1,LKST1053,Chennai,Tamil Nadu
LKST1054-Trivandrum_Murinjapalam,LKST1054,Thiruvananthapuram,Kerala
LKST1055-Mysore_Siddhartha Layout,LKST1055,Mysore,Karnataka
LKST1057-Kota_Kunhadi,LKST1057,Kota,Rajasthan
LKST1058-Kanpur_Mall Road,LKST1058,Kanpur,Uttar Pradesh
LKST1059-Ludhiana_Dugri,LKST1059,Ludhiana,Punjab
LKST105-Uttarahalli Banglore Store,LKST105,Bengaluru,Karnataka
LKST1060-New Delhi_Rohini sector 7,LKST1060,New Delhi,Delhi
LKST1065-Chandigarh_Sec 35,LKST1065,Chandigarh,Chandigarh
LKST1066-Gurgaon_Sector 63,LKST1066,Gurugram,Haryana
LKST1067-Meerut_Garh road,LKST1067,Meerut,Uttar Pradesh
LKST1068-Ludhiana_Kidwai Nagar,LKST1068,Ludhiana,Punjab
LKST1069-Ahmedabad_Ashram Road,LKST1069,Ahmedabad,Gujarat
LKST106-nagarbhavi bangalore store,LKST106,Bengaluru,Karnataka
LKST1071-Rajkot_kotecha chowk,LKST1071,Rajkot,Gujarat
LKST1072-Nagpur Dharampeth,LKST1072,Nagpur,Maharashtra
LKST1073-Madurai_Anna Nagar,LKST1073,Madurai,Tamil Nadu
LKST1074-Hyderabad_Quthbullapur 2,LKST1074,Hyderabad,Telangana
LKST1075-Chennai_nelson maickan road,LKST1075,Chennai,Tamil Nadu
LKST1076-Hyderabad_Gudimalkapur,LKST1076,Hyderabad,Telangana
LKST1077-Hubli_Vidyanagar,LKST1077,Hubli,Karnataka
LKST1079-Delhi_Rohini 15,LKST1079,New Delhi,Delhi
LKST107-jawaharnagar chennai,LKST107,Chennai,Tamil Nadu
LKST1080-Chandigarh_Sector 40 C,LKST1080,Chandigarh,Chandigarh
LKST1083-Ahmedabad_Prahladnagar,LKST1083,Ahmedabad,Gujarat
LKST1084-Bangalore_Gorrepalya,LKST1084,Bengaluru,Karnataka
LKST1085-Coimbatore_Peelamedu,LKST1085,Coimbatore,Tamil Nadu
LKST1086-Bangalore_Sultanpalya,LKST1086,Bengaluru,Karnataka
LKST1087-Chennai_Tambaram ROAD,LKST1087,Chennai,Tamil Nadu
LKST1088-Chennai_Nanganallur 1,LKST1088,Chennai,Tamil Nadu
LKST1089-Ghaziabad_Vasundhra sector 3,LKST1089,Ghaziabad,Uttar Pradesh
LKST108-PERUMBAKKAM STORE-LENSKART.COM,LKST108,Chennai,Tamil Nadu
LKST1095-Jammu_Talab Tillo,LKST1095,Jammu,Jammu & Kashmir
LKST1097-Ghaziabad_Dadri,LKST1097,Dadri,Uttar Pradesh
LKST1098-Mumbai khopoli ashiyana infinity,LKST1098,Mumbai,Maharashtra
LKST1100-Bangalore_Moodalpalya,LKST1100,Bengaluru,Karnataka
LKST1101-Mysore_Saraswathipuram,LKST1101,Mysore,Karnataka
LKST1104-Delhi Kailash colony,LKST1104,New Delhi,Delhi
LKST1105-Bhubaneswar_Vivekanand,LKST1105,Bhubaneswar,odisha
LKST1106-Jaipur_Maharani Farm,LKST1106,Jaipur,Rajasthan
LKST1108-Jaipur_Patrakar Colony,LKST1108,Jaipur,Rajasthan
LKST1109-Ranchi_Main road,LKST1109,Ranchi,Jharkhand
LKST110-pachimvihar delhi,LKST110,New Delhi,Delhi
LKST1112-Patna_Ashiana Road,LKST1112,Patna,Bihar
LKST1113-Guwahati_Adabari NCS mall,LKST1113,Guwahati,Assam
LKST1114-Hyderabad_New Friends colony,LKST1114,Hyderabad,Telangana
LKST1115-Bangalore_Jigani,LKST1115,Jigani,Karnataka
LKST1116-Mangalore_Kankanady,LKST1116,Mangalore,Karnataka
LKST1117-Chennai_Rk Mutt Road,LKST1117,Chennai,Tamil Nadu
LKST1118-Calicut_Focus Mall 1,LKST1118,Calicut,Kerala
LKST111-Model Town Store,LKST111,New Delhi,Delhi
LKST1122-Delhi_ Nangloi Najafgargh road,LKST1122,New Delhi,Delhi
LKST1123-Ghaziabad_Modinagar,LKST1123,Modi Nagar,Uttar Pradesh
LKST1124-Jodhpur Paota,LKST1124,Jodhpur,Rajasthan
LKST1125-Mangalore_Hampankatta,LKST1125,Mangalore,Karnataka
LKST1126-Mysore_Dattegalli,LKST1126,Mysore,Karnataka
LKST1127-Chennai_Adambakkam Brindavan Road,LKST1127,Chennai,Tamil Nadu
LKST1128-Chennai_Aminjikarai 1,LKST1128,Chennai,Tamil Nadu
LKST1129-Chennai_Kundratoor,LKST1129,Chennai,Tamil Nadu
LKST112-Old Rajender Nagar Store,LKST112,New Delhi,Delhi
LKST1130-Ahmedabad_South Bopal,LKST1130,Ahmedabad,Gujarat
LKST1131-Kolkata_Naihati,LKST1131,Kolkata,West Bengal
LKST1136-Gwalior_Patankar Bazar,LKST1136,Gwalior,Madhya Pradesh
LKST1137-Hyderabad_Panjagutta,LKST1137,Hyderabad,Telangana
LKST1139-Coimbatore_Sulur,LKST1139,Coimbatore,Tamil Nadu
LKST1140-Kochi_Seaport Airport Road,LKST1140,Kochi,Kerala
LKST1141-Ludhiana_National road,LKST1141,Ludhiana,Punjab
LKST1142-Mysore_Chamundipuram,LKST1142,Mysore,Karnataka
LKST1143-Trivandrum_Vazhuthacadu,LKST1143,Thiruvananthapuram,Kerala
LKST1145-Hyderabad_Old Bowenpally 2,LKST1145,Hyderabad,Telangana
LKST1146-Kolkata_Kalyani,LKST1146,Kolkata,West Bengal
LKST1148-Pune_PimpriGovind Plaza,LKST1148,Pune,Maharashtra
LKST1149-Mumbai_Kausa Mumbra,LKST1149,Mumbai,Maharashtra
LKST114-sector15 gurugram,LKST114,Gurugram,Haryana
LKST1151-Nagpur_Manewada Road,LKST1151,Nagpur,Maharashtra
LKST1152-Kolkata_Chakdaha,LKST1152,Kolkata,West Bengal
LKST1153-Kolkata_AJC Bose Road,LKST1153,Kolkata,West Bengal
LKST1154-Amritsar_Sultan wind road,LKST1154,Amritsar,Punjab
LKST1155-Meerut_Begum bridge crown plaza,LKST1155,Meerut,Uttar Pradesh
LKST1157-Pune_Wagholi new,LKST1157,Pune,Maharashtra
LKST1158-Indore_Sapna sangeeta road,LKST1158,Indore,Madhya Pradesh
LKST1159-Jaipur_Nirman Nagar,LKST1159,Jaipur,Rajasthan
LKST1160-Chennai_Perambur Madavaram,LKST1160,Chennai,Tamil Nadu
LKST1161-Hyderabad_Beeramguda 1,LKST1161,Hyderabad,Telangana
LKST1162-Vizag_NAD,LKST1162,Visakhapatnam,Andhra Pradesh
LKST1165-Hyderabad_Kapra,LKST1165,Hyderabad,Telangana
LKST1166-Mangalore_Bejai Rd,LKST1166,Mangalore,Karnataka
LKST116-Kota Rajasthan Store,LKST116,Kota,Rajasthan
LKST1176-Delhi_Karol Bagh 2,LKST1176,New Delhi,Delhi
LKST1179-Mohali_phase 5,LKST1179,Mohali,Punjab
LKST117-Begumpet Store,LKST117,Hyderabad,Telangana
LKST1180-Jaipur_Kalwar Road 1,LKST1180,Jaipur,Rajasthan
LKST1181-Haryana_Bahadurgarh,LKST1181,Bahadurgarh,Haryana
LKST1182-Visakhapatnam_Maddilapalem,LKST1182,Visakhapatnam,Andhra Pradesh
LKST1184-Hyderabad_Kachiguda new,LKST1184,Hyderabad,Telangana
LKST1185-Thrissur_Poothole Railway station road,LKST1185,Thrissur,Kerala
LKST1186-Dehradun_Haridwar Road 2,LKST1186,Dehradun,Uttarakhand
LKST1187-Jaipur_Gandhi Path,LKST1187,Jaipur,Rajasthan
LKST1189-Pune_VTP Undri,LKST1189,Pune,Maharashtra
LKST118-Mahavir Nagar Kandivali Store,LKST118,Mumbai,Maharashtra
LKST1190-Surat_Parvat Patiya,LKST1190,Surat,Gujarat
LKST1191-Rajkot_150ft ROAD,LKST1191,Rajkot,Gujarat
LKST1192-Chennai_Nerkundram,LKST1192,Chennai,Tamil Nadu
LKST1193-Chennai_Nungambakkam 1,LKST1193,Chennai,Tamil Nadu
LKST1194-Trivandrum_Paruthippara,LKST1194,Thiruvananthapuram,Kerala
LKST1199-Mumbai_East Chembur,LKST1199,Mumbai,Maharashtra
LKST119-Fort Mumbai Store,LKST119,Mumbai,Maharashtra
LKST11-Phoenix Marketcity,LKST11,Mumbai,Maharashtra
LKST1200-Mumbai mahim,LKST1200,Mumbai,Maharashtra
LKST1201-Bangalore_Nagadevanahalli,LKST1201,Bengaluru,Karnataka
LKST1202-Chennai_Sriperumbudur gandhi road,LKST1202,Sriperumbudur,Tamil Nadu
LKST1203-Madurai_Kalavasal Bypass,LKST1203,Madurai,Tamil Nadu
LKST1205-Chennai_Vinayagapuram,LKST1205,Chennai,Tamil Nadu
LKST1206-Coimbatore Kavundampallayam,LKST1206,Coimbatore,Tamil Nadu
LKST1207-Surat Jahangirpura,LKST1207,Surat,Gujarat
LKST1209-Vasundhara Enclave,LKST1209,New Delhi,Delhi
LKST120-Mahim Mumbai Store,LKST120,Mumbai,Maharashtra
LKST1210-Ahmedabad_Navrangpura,LKST1210,Ahmedabad,Gujarat
LKST1211-Hapur_Delhi Road,LKST1211,hapur,Uttar Pradesh
LKST1212-Ludhiana Barewal Road,LKST1212,Ludhiana,Punjab
LKST1215-Nagpur Manish nagar,LKST1215,Nagpur,Maharashtra
LKST1217-Vishakhapatnam_Jagdamba,LKST1217,Visakhapatnam,Andhra Pradesh
LKST1218-Guwahati Lalganesh 1,LKST1218,Guwahati,Assam
LKST121-Kempscorner Mumbai Store,LKST121,Mumbai,Maharashtra
LKST1222-Chennai_Velachery2,LKST1222,Chennai,Tamil Nadu
LKST1223-Cochin Maradu,LKST1223,Kochi,Kerala
LKST1228-Shalimar Garden_Ghazibad,LKST1228,Ghaziabad,Uttar Pradesh
LKST1229-Bangalore_JP Nagar 7th Phase,LKST1229,Bengaluru,Karnataka
LKST122-Champapet Store,LKST122,Hyderabad,Telangana
LKST1230-Jammu_Channi,LKST1230,Jammu,Jammu & Kashmir
LKST1234-Pune_Undri,LKST1234,Pune,Maharashtra
LKST1235-Mumbai_Kalyan East,LKST1235,Kalyan,Maharashtra
LKST1240-Hyderabad_Safilguda,LKST1240,Hyderabad,Telangana
LKST1243-Kollam_Main Road,LKST1243,Kollam,Kerala
LKST1244-Bangalore_BTM Layout,LKST1244,Bengaluru,Karnataka
LKST1245-Ahmedabad Shyamal,LKST1245,Ahmedabad,Gujarat
LKST1246-Raipur_Telibandha,LKST1246,Raipur,Chhattisgarh
LKST1247-Zirakpur_Singhpura,LKST1247,ZIrakpur,Punjab
LKST1248-Kolkata_Andul Road,LKST1248,Howrah,West Bengal
LKST1249-Jodhpur_Ratanada,LKST1249,Jodhpur,Rajasthan
LKST124-Dwarka Sector 6 Store,LKST124,New Delhi,Delhi
LKST1254-Bangalore_Prestige Falcon City Mall,LKST1254,Bengaluru,Karnataka
LKST1255-Cochin_Thopumpady,LKST1255,Kochi,Kerala
LKST1258-Pune koregaon park,LKST1258,Pune,Maharashtra
LKST125-Vikaspuri Delhi Store,LKST125,New Delhi,Delhi
LKST1262-Indore_Phoenix citadel mall,LKST1262,Indore,Madhya Pradesh
LKST1265-Aurangabad_Akashwani Chowk,LKST1265,Aurangabad,Maharashtra
LKST1266-Mumbai_Ambernath GNP Galaxy,LKST1266,Thane,Maharashtra
LKST1267-Tiruppur_Kumaran,LKST1267,Tirupur,Tamil Nadu
LKST126-East Patel Nagar Delhi Store,LKST126,New Delhi,Delhi
LKST1270-Jalandhar_Model Town,LKST1270,Jalandhar,Punjab
LKST1271-Nagpur_Medical college chowk,LKST1271,Nagpur,Maharashtra
LKST1272-Kanpur_Kidwai Nagar,LKST1272,Kanpur,Uttar Pradesh
LKST1273-Gurugram_Sector 56 Huda market,LKST1273,Gurugram,Haryana
LKST1274-Kota Jhalawar Road,LKST1274,Kota,Rajasthan
LKST1275-Thalashery_AVK Nair Road,LKST1275,Thalashery,Kerala
LKST1276-Mumbai Khraghar,LKST1276,Mumbai,Maharashtra
LKST1277-Mohali_Landran Road,LKST1277,Mohali,Punjab
LKST1278-Dehradun_GMS Road,LKST1278,Dehradun,Dehradun
LKST1279-Vadodara OP Road,LKST1279,Vadodara,Gujarat
LKST127-Naraina Delhi Store,LKST127,New Delhi,Delhi
LKST1280-Dehradun_Pacific mall,LKST1280,Dehradun,Uttarakhand
LKST1281-Pune_Vishal Nagar Jagtap Dairy,LKST1281,Pune,Maharashtra
LKST1283-Bangalore_Nagarbhavi 80FT Rd,LKST1283,Bengaluru,Karnataka
LKST1284-Cochin_Tripuntara,LKST1284,Kochi,Kerala
LKST1285-Jammu Kunjwani,LKST1285,Jammu,Jammu & Kashmir
LKST1286-Chennai_Adambakkam,LKST1286,Chennai,Tamil Nadu
LKST1287-Coimbatore_Race course road - Flaghsip,LKST1287,Coimbatore,Tamil Nadu
LKST1288-Kolkata_Barrackpore,LKST1288,Kolkata,West Bengal
LKST1289-Kolkata_Barrackpur,LKST1289,Kolkata,West Bengal
LKST128-Phoenix Mall Lucknow,LKST128,Lucknow,Uttar Pradesh
LKST1290-Kolkata_Phoolbagan,LKST1290,Kolkata,West Bengal
LKST1295-Mumbai Tilak Nagar,LKST1295,Mumbai,Maharashtra
LKST1297-Kanpur_Govind Nagar,LKST1297,Kanpur,Uttar Pradesh
LKST1299-Pondicherry_RG Square Kamraj Salai,LKST1299,Puducherry,Puducherry
LKST129-Zirakpur Store,LKST129,Mohali,Punjab
LKST1300-Indore_Scheme 140,LKST1300,Indore,Madhya Pradesh
LKST1301-Visakhapatnam_Gajuwaka,LKST1301,Visakhapatnam,Andhra Pradesh
LKST1302-Indore dewas AB Road,LKST1302,Dewas,Madhya Pradesh
LKST1304-Delhi GK-2,LKST1304,New Delhi,Delhi
LKST1305-Lucknow Vibhuti Khand,LKST1305,Lucknow,Uttar Pradesh
LKST1306-Kolkata_Park Street,LKST1306,Kolkata,West Bengal
LKST1307-Mumbai_Kandivali_East,LKST1307,Mumbai,Maharashtra
LKST1308-Kolkata_Mani Square mall,LKST1308,Kolkata,West Bengal
LKST1309-Mohali_Sec82,LKST1309,Mohali,Punjab
LKST130-Malad Mumbai Store,LKST130,Mumbai,Maharashtra
LKST1311-Bangalore_Sarjapur Natura Walk,LKST1311,Bengaluru,Karnataka
LKST1314-Kottayam_Ettanmnur,LKST1314,Ettumanoor,Kerala
LKST1316-Calicut_Vadakara,LKST1316,Vadakara,Kerala
LKST1317-Bangalore vidyaranyapura,LKST1317,Bengaluru,Karnataka
LKST1318-Nagpur_Hudkeshwar Road,LKST1318,Nagpur,Maharashtra
LKST131-Viviana Mall Thane Store,LKST131,Mumbai,Maharashtra
LKST1320-Mumbai Malad east,LKST1320,Mumbai,Maharashtra
LKST1323-Jaipur_Subhash Nagar,LKST1323,Jaipur,Rajasthan
LKST1324-Patiala Urban Estate,LKST1324,Patiala,Punjab
LKST1325-Mumbai Dombivali,LKST1325,Mumbai,Maharashtra
LKST1326-Pune_Ambegaon,LKST1326,Pune,Maharashtra
LKST1329-Kolkata_Garia Bus stand,LKST1329,Kolkata,West Bengal
LKST132-Amboli Mumbai Store,LKST132,Mumbai,Maharashtra
LKST1330-Hyderabad_Habsiguda,LKST1330,Hyderabad,Telangana
LKST1332-Chennai Madhanandapuram,LKST1332,Chennai,Tamil Nadu
LKST1333-Trichy_Vayallur Road,LKST1333,Tiruchirappalli,Tamil Nadu
LKST1335-Ranchi_Mall of Ranchi,LKST1335,Ranchi,Jharkhand
LKST1336-Bangalore Anjanapura,LKST1336,Bengaluru,Karnataka
LKST1339-Kolkata_Purbachal salt lake,LKST1339,Kolkata,West Bengal
LKST1341-Cochin_North Paravur,LKST1341,Ernakulam,Kerala
LKST1342-Delhi_Pitampura,LKST1342,New Delhi,Delhi
LKST1344-Aurangabad_Connaught Place,LKST1344,Aurangabad,Maharashtra
LKST1345-Aurangabad_Usmanpura,LKST1345,Aurangabad,Maharashtra
LKST1349-Gurugram_Sector 70 Reach 3 Roads,LKST1349,Gurugram,Haryana
LKST134-Murgesh palya Bangalore Store,LKST134,Bengaluru,Karnataka
LKST1350-Gwalior_Chetakpuri,LKST1350,Gwalior,Madhya Pradesh
LKST1352-Chennai_Aerohub airport mall,LKST1352,Chennai,Tamil Nadu
LKST1353-Trivandrum_Nedumangadu,LKST1353,Nedumangad,Kerala
LKST1354-Sonipat_Atlas Road,LKST1354,Sonipat,Haryana
LKST1355-Mumbai_Nancy Colony,LKST1355,Mumbai,Maharashtra
LKST1356-Ludhiana_Khanna,LKST1356,Ludhiana,Punjab
LKST1357-Kolkata_city Center1 Mall_NEAR ILS HOSP,LKST1357,Kolkata,West Bengal
LKST1358-Bangalore_Jayanagar,LKST1358,Bengaluru,Karnataka
LKST1359-Gugai_Salem,LKST1359,Salem,Tamil Nadu
LKST135-AECS Layout Lenskart Bangalore Store,LKST135,Bengaluru,Karnataka
LKST1360-Kota_Gumanpura,LKST1360,Kota,Rajasthan
LKST1361-Hyderabad_Banjara Hills,LKST1361,Hyderabad,Telangana
LKST1362-Rajouri Garden_Delhi,LKST1362,New Delhi,Delhi
LKST1363-Omaxe World Street_faridabad-FLAGSHIP,LKST1363,Faridabad,Haryana
LKST1364-Mumbai_Nepean Sea Road,LKST1364,Mumbai,Maharashtra
LKST1365-Bangalore_RR Nagar,LKST1365,Bengaluru,Karnataka
LKST1366-Ludhiana_ Palm Walk,LKST1366,Ludhiana,Punjab
LKST1367-Dehradun_Saharanpur Road,LKST1367,Dehradun,Uttarakhand
LKST1368-Kolkata_Bandel,LKST1368,Hooghly,West Bengal
LKST136-IDPL Hyderabad Store,LKST136,Hyderabad,Telangana
LKST1372-Jaipur_Vidhyadhar Nagar New,LKST1372,Jaipur,Rajasthan
LKST1373-Calicut_Mavoor Road,LKST1373,Calicut,Kerala
LKST1374-Nagpur_Abhyankar Nagar,LKST1374,Nagpur,Maharashtra
LKST1375-Mumbai_Boisar,LKST1375,Boisar,Maharashtra
LKST1376-Pune_Vishrantwadi,LKST1376,Pune,Maharashtra
LKST137-jeevanbhima bangalore,LKST137,Bengaluru,Karnataka
LKST1381-Delhi_Shahdara,LKST1381,New Delhi,Delhi
LKST1382-Gurugram_Sector 46,LKST1382,Gurugram,Haryana
LKST1384-Banglore Kaikondahalli,LKST1384,Bengaluru,Karnataka
LKST1389-Kolkata_BB Ganguly,LKST1389,Kolkata,West Bengal
LKST138-Rajaji Nagar Store,LKST138,Bengaluru,Karnataka
LKST1392-Mumbai_Ghansoli,LKST1392,Mumbai,Maharashtra
LKST1395-Kolkata_Metropolis Mall,LKST1395,Kolkata,West Bengal
LKST1396-Mumbai Mg Road Kandivali,LKST1396,Mumbai,Maharashtra
LKST1397-Gandhinagar_Sector 16,LKST1397,Gandhinagar,Gujarat
LKST139-ashoknagar chennai,LKST139,Chennai,Tamil Nadu
LKST1401-Hyderabad_Kondapur,LKST1401,Hyderabad,Telangana
LKST1402-Andranhalli_ Bangalore,LKST1402,Bengaluru,Karnataka
LKST1408-Chandigarh_Sector 47,LKST1408,Chandigarh,Chandigarh
LKST1409-Kanpur_Tilak Nagar,LKST1409,Kanpur,Uttar Pradesh
LKST140-Jalahalli Bangalore Store,LKST140,Bengaluru,Karnataka
LKST1411-Surat_Katargam_Laxmi Enclave 2,LKST1411,Surat,Gujarat
LKST1413-Chennai_18th Main Rd,LKST1413,Chennai,Tamil Nadu
LKST1414-Hyderabad_Suncity,LKST1414,Hyderabad,Andhra Pradesh
LKST1416-Delhi_Uttam Nagar,LKST1416,New Delhi,Delhi
LKST1417-Pune_Salunke Vihar,LKST1417,Pune,Maharashtra
LKST1420-Cochin_Aluva 2,LKST1420,Aluva,Kerala
LKST1424-Delhi_Rohini sec 17,LKST1424,New Delhi,Delhi
LKST1426-Taloja_Navi Mumbai,LKST1426,Mumbai,Maharashtra
LKST1429-Chennai_Injambakkam,LKST1429,Chennai,Tamil Nadu
LKST142-thiruvattur chennai,LKST142,Chennai,Tamil Nadu
LKST1432-Jaipur_Chitrakoot,LKST1432,Jaipur,Rajasthan
LKST1433-Noida_Sector 62,LKST1433,Noida,Uttar Pradesh
LKST1434-Coimbatore_Thoppampati,LKST1434,Coimbatore,Tamil Nadu
LKST1437-Hyderabad_Vanasthalipuram,LKST1437,Hyderabad,Telangana
LKST1438-Bangalore_Bhartiya City centre mall,LKST1438,Bengaluru,Karnataka
LKST1439-Jaipur_Mansarovar,LKST1439,Jaipur,Rajasthan
LKST1442-Hyderabad_Madhapur,LKST1442,Hyderabad,Telangana
LKST1444-Trivandrum_Kazhakootam,LKST1444,Trivandrum,Kerala
LKST1448-Ambala_Nicholson Road,LKST1448,Ambala,Haryana
LKST1449-Delhi_Najafgarh,LKST1449,Najafgarh,Delhi
LKST144-Ambedkar Road Ghaziabad Store,LKST144,Ghaziabad,Uttar Pradesh
LKST1452-Guwahati_Bamunimaidan,LKST1452,Guwahati,Assam
LKST1453-Kolkata_Behala Chowrasta,LKST1453,Kolkata,West Bengal
LKST1454-Delhi_Pitampura Harsh vihar,LKST1454,New Delhi,Delhi
LKST1455-Kolkata_Bata Nagar,LKST1455,Kolkata,West Bengal
LKST1457-Ahmedabad_Sindhubhavan,LKST1457,Ahmedabad,Gujarat
LKST1458-Noida_Sector 133,LKST1458,Noida,Uttar Pradesh
LKST145-LENSKART.COM Sodepur Kolkata Store,LKST145,Kolkata,West Bengal
LKST1460-Rajahmundry_Danavipet,LKST1460,Rajahmundry,Andhra Pradesh
LKST1462-Nashik_Bytco Point,LKST1462,Nashik,Maharashtra
LKST1463-Mumbai_Lower Parel,LKST1463,Mumbai,Maharashtra
LKST1464-Ahmedabad_Vastrapur,LKST1464,Ahmedabad,Gujarat
LKST1465-Mumbai_Karanjade,LKST1465,Mumbai,Maharashtra
LKST1467-Hyderabad_Allwyn Colony,LKST1467,Hyderabad,Telangana
LKST146-Malakpet Hyderabad Store,LKST146,Hyderabad,Telangana
LKST1470-Delhi_Rohini sec 3,LKST1470,New Delhi,Delhi
LKST1471-Lucknow_Shalimar Gateway mall.,LKST1471,Lucknow,Uttar Pradesh
LKST1478-Salem_Meyyanur_New Construction,LKST1478,Salem,Tamil Nadu
LKST1479-Kanpur_Kakade,LKST1479,Kanpur,Uttar Pradesh
LKST147-Adikmet Hyderabad Store,LKST147,Hyderabad,Telangana
LKST1482-Vadodara_Akota,LKST1482,Vadodara,Gujarat
LKST1484-Vadodara_EVA mall,LKST1484,Vadodara,Gujarat
LKST1485-Belagavi_Tilakwadi,LKST1485,Belgaum,Karnataka
LKST1486-Mysore_Vijaynagar,LKST1486,Mysore,Karnataka
LKST148-phoenix chennai,LKST148,Chennai,Tamil Nadu
LKST1490-Mumbai_Maxus Mall Bhayander,LKST1490,Mumbai,Maharashtra
LKST1492-Kolkata_Dakuni,LKST1492,Kolkata,West Bengal
LKST1493-Kanpur_Lajpat Nagar,LKST1493,Kanpur,Uttar Pradesh
LKST1494-Bangalore_HSR Layout,LKST1494,Bengaluru,Karnataka
LKST1495-Thrissur_Chalakudy,LKST1495,Chalakudy,Kerala
LKST1497-Trivandrum_Lulu Mall,LKST1497,Thiruvananthapuram,Kerala
LKST1498-Delhi_Dwarka Mor,LKST1498,New Delhi,Delhi
LKST1499-Delhi_Malviya Nagar,LKST1499,New Delhi,Delhi
LKST149-DC Chownk Rohini Store,LKST149,New Delhi,Delhi
LKST1500-Udaipur_Panchwati,LKST1500,Udaipur,Rajasthan
LKST1501-Gorakhpur_Medical Road,LKST1501,Gorakhpur,Uttar Pradesh
LKST1502-Bhatinda_Bhucho Mandi,LKST1502,Bhatinda,Punjab
LKST1503-Goa_Dabolim Airport road,LKST1503,Dabolim,Goa
LKST1504-Surat_Sarthana Avadh,LKST1504,Surat,Gujarat
LKST1505-Thrissur_Irinjalakuda,LKST1505,rinjalakuda,Kerala
LKST1506-Thrissur_Edakara,LKST1506,Edakkara,Kerala
LKST1507-Trivandrum_Neyyattinkara,LKST1507,Neyyattinkara,Kerala
LKST1508-Trivandrum_Pappanamcode,LKST1508,Thiruvananthapuram,Kerala
LKST1509-Indore_C 21 Mall,LKST1509,Indore,Madhya Pradesh
LKST150-Rajakilpakkam Chennai Store,LKST150,Chennai,Tamil Nadu
LKST1510-Kollam_Kottarkkara,LKST1510,Kottarkkara,Kerala
LKST1514-Bangalore_Rajajinagar 19th Main Road,LKST1514,Bengaluru,Karnataka
LKST1515-Coimbatore_Metupallayam Road,LKST1515,Coimbatore,Tamil Nadu
LKST1516-Hyderabad_Gaddiannaram main road,LKST1516,Hyderabad,Telangana
LKST1517-Chennai_Kandanchavadi,LKST1517,Chennai,Tamil Nadu
LKST1519-Calicut_Permbara,LKST1519,Perambara,Kerala
LKST151-Dombivali Thane Store,LKST151,Mumbai,Maharashtra
LKST1521-Trivandrum_Sreekariyam,LKST1521,Trivandrum,Kerala
LKST1523-Goa_Aquem Madgoan,LKST1523,Margaon,Goa
LKST1524-Mumbai_Borivali Chikuvadi,LKST1524,Mumbai,Maharashtra
LKST1525-Agartala_HGB Road,LKST1525,Agartala,Tripura
LKST1528-Agra_Civil Lines,LKST1528,Agra,Uttar Pradesh
LKST152-Jayanagar Bangalore Store,LKST152,Bengaluru,Karnataka
LKST1530-Jaipur_Sanganer,LKST1530,Jaipur,Rajasthan
LKST1531-Thrissur Cluster_Valanchery,LKST1531,Valanchery,Kerala
LKST1532-Bangalore_Mallathalli,LKST1532,Bengaluru,Karnataka
LKST1533-Poranki_Vijayawada,LKST1533,Vijayawada,Andhra Pradesh
LKST1534-Mumbai_Badlapur West,LKST1534,Mumbai,Maharashtra
LKST1535-New Delhi_Patel Nagar,LKST1535,New Delhi,Delhi
LKST1536-New Delhi_Rohini Sector 7 new,LKST1536,New Delhi,Delhi
LKST1537-Jalandhar_MDB Mall,LKST1537,Jalandhar,Punjab
LKST1538-Ambala_Yamuna nagar,LKST1538,Yamuna Nagar,Haryana
LKST1539-Coimbatore_Mettupalayam,LKST1539,Mettupalayam,Tamil Nadu
LKST1540-Bangalore_Balagere,LKST1540,Bengaluru,Karnataka
LKST1541-Vadodara_Gotri Sears tower,LKST1541,Vadodara,Gujarat
LKST1544-Trissur Chavaddkar,LKST1544,Chavakkad,Kerala
LKST1545-Solan_Mall Road,LKST1545,Solan,Himachal Pradesh
LKST1546-Mumbai_ Vittalwadi,LKST1546,Mumbai,Maharashtra
LKST1547-Jabalpur_Civic Center,LKST1547,Jabalpur,Madhya Pradesh
LKST1548-Vadodara_Sama,LKST1548,Vadodara,Gujarat
LKST1549-Jabalpur_Vijay Nagar,LKST1549,Jabalpur,Madhya Pradesh
LKST154-rkpuramsec8 delhi,LKST154,New Delhi,Delhi
LKST1553-Siliguri_Vega Circle Mall,LKST1553,Siliguri,West Bengal
LKST1554-Mumbai_Mulund West,LKST1554,Mumbai,Maharashtra
LKST155-Janak Puri DC Store,LKST155,New Delhi,Delhi
LKST1561-Guwahati_Baihata Chariali,LKST1561,Guwahati,Assam
LKST1562-Kolkata_Jameslong Sarani,LKST1562,Kolkata,West Bengal
LKST1565-Bangalore_KR Puram,LKST1565,Bengaluru,Karnataka
LKST1566-Mysore_Mall of Mysore,LKST1566,Mysore,Karnataka
LKST1569-Jodhpur_Residency Road,LKST1569,Jodhpur,Rajasthan
LKST156-Green Park Delhi Store,LKST156,New Delhi,Delhi
LKST1574-Thalasherry_kannur,LKST1574,Kannur,Kerala
LKST1575-Chennai_Singaperumal Koil,LKST1575,Chennai,Tamil Nadu
LKST1576-Mumbai_Lal Chowky,LKST1576,Kalyan,Maharashtra
LKST1577-Indore_LIG colony,LKST1577,Indore,Madhya Pradesh
LKST1578-Mumbai_Girgaon,LKST1578,Mumbai,Maharashtra
LKST1581-Mumbai_Palghar,LKST1581,Mumbai,Maharashtra
LKST1582-Chandigarh_Sector 22,LKST1582,Chandigarh,Chandigarh
LKST1583-Hyderabad_Himayat Nagar,LKST1583,Hyderabad,Telangana
LKST1584-Jaipur_pratap nagar,LKST1584,Jaipur,Rajasthan
LKST1588-Pondicherry_Lawspet,LKST1588,Puducherry,Puducherry
LKST1589-Hyderabad_Pupallguda Shaikpet,LKST1589,Hyderabad,Telangana
LKST158-Navalur Chennai Store,LKST158,Chennai,Tamil Nadu
LKST1591-Udaipur_Hiran Margi,LKST1591,Udaipur,Rajasthan
LKST1592-Surat_Mota Varaccha,LKST1592,Surat,Gujarat
LKST1593-Indore_Annapurna Road,LKST1593,Indore,Madhya Pradesh
LKST1594-Chennai_Ayapakkam,LKST1594,Chennai,Tamil Nadu
LKST1595-Bangalore_Mantri Square Mall,LKST1595,Bengaluru,Karnataka
LKST1596-Thrissur_Malapuram,LKST1596,Malappuram,Kerala
LKST1597-Trichy_Kattur Bypass Road,LKST1597,Tiruchirappalli,Tamil Nadu
LKST1598-Patna_Khagaul Road,LKST1598,Patna,Bihar
LKST1599-Gurgaon_Old Railway station,LKST1599,Gurugram,Haryana
LKST159-Lokhandwala Mumbai Store,LKST159,Mumbai,Maharashtra
LKST1601-Guwahati_Rangia,LKST1601,Guwahati,Assam
LKST1602-Cochin_Angamaly,LKST1602,Angamaly,Kerala
LKST1603-Thamenhalli_Bangalore,LKST1603,Bengaluru,Karnataka
LKST1606-Greater Noida_Chi V,LKST1606,Greater Noida,Uttar Pradesh
LKST1608-Udaipur_Shobhagpura,LKST1608,Udaipur,Rajasthan
LKST1609-Mumbai Borivali_Chandavarkar rd,LKST1609,Mumbai,Maharashtra
LKST160-Bhandup Mumbai Store,LKST160,Mumbai,Maharashtra
LKST1610-Mumbai_Dombivali west,LKST1610,Mumbai,Maharashtra
LKST1613-Hyderabad_Praga Mall,LKST1613,Hyderabad,Telangana
LKST1615-Srinagar_Residency Road.,LKST1615,Srinagar,Jammu & Kashmir
LKST1617-Keshwapur_Hubli,LKST1617,Hubli,Karnataka
LKST1618-Hyderabad_Ramanthapura,LKST1618,Hyderabad,Telangana
LKST161-Masoodpur Delhi Store,LKST161,New Delhi,Delhi
LKST1620-Indore_Rajendra nagar,LKST1620,Indore,Madhya Pradesh
LKST1621-Vadodara_Waghodia,LKST1621,Vadodara,Gujarat
LKST1622-Mumbai_New panvel Millenium Hilton,LKST1622,Mumbai,Maharashtra
LKST1623-Ahmedabad_Naranpura,LKST1623,Ahmedabad,Gujarat
LKST1628-Noida_Sec 75 Spectrum Metro,LKST1628,Noida,Uttar Pradesh
LKST162-Lal Quarters Delhi Store,LKST162,New Delhi,Delhi
LKST1631-Dhanbad_Steel gate,LKST1631,Dhanbad,Jharkhand
LKST1633-Salem_Ammapet,LKST1633,Salem,Tamil Nadu
LKST1634-Chennai_Kanathur,LKST1634,Chennai,Tamil Nadu
LKST1637-Panchpakadi_Thane,LKST1637,Mumbai,Maharashtra
LKST1638-Bangalore_Nelamangala,LKST1638,Bengaluru,Karnataka
LKST1639-Thrissur_Tirur Cluster,LKST1639,Tirur,Kerala
LKST163-Gopalan mall Bangalore Store,LKST163,Bengaluru,Karnataka
LKST1641-Coimbatore_Salem_Omalpur,LKST1641,Salem,Tamil Nadu
LKST1643-Nainital_Mall Road,LKST1643,Nainital,Uttarakhand
LKST1647-Jaipur_Muhana mandi,LKST1647,Jaipur,Rajasthan
LKST1649-Maligaon_Guwahati,LKST1649,Guwahati,Assam
LKST164-BTM Bangalore Store,LKST164,Bengaluru,Karnataka
LKST1655-Kannnur_Thavakkara,LKST1655,Kannur,Kerala
LKST1656-Trivandrum_Venjaramoodu,LKST1656,Venjaramoodu,Kerala
LKST1657-Vadodara_Ajwa,LKST1657,Vadodara,Gujarat
LKST1659-Kolhapur_Shahpur,LKST1659,Kolhapur,Maharashtra
LKST165-Kasba Kolkata Store,LKST165,Kolkata,West Bengal
LKST1660-Jabalpur_ Narmada Gwarighar Road,LKST1660,Jabalpur,Madhya Pradesh
LKST1665-Vijayawada_Patamata,LKST1665,Vijayawada,Andhra Pradesh
LKST1666-Calicut_Sultan Bathery,LKST1666,Wayanad,Kerala
LKST1668-Jamshedpur_Puruliya Rd,LKST1668,Jamshedpur,Jharkhand
LKST1669-Jalandhar_Kapurthala,LKST1669,Kapurthala,Punjab
LKST1670-Jaipur_Murlipura,LKST1670,Jaipur,Rajasthan
LKST1673-Jabalpur_Sadar Fox Life,LKST1673,Jabalpur,Madhya Pradesh
LKST1674-Bongaigaon _ Chapaguri,LKST1674,Bongaigaon,Assam
LKST1675-Dibrugarh_RKB Path,LKST1675,Dibrugarh,Assam
LKST1676-Bhubaneswar_Baramunda,LKST1676,Bhubaneswar,odisha
LKST1677-Agra_Fatehabad Road,LKST1677,Agra,Uttar Pradesh
LKST1679-Una_Nangal Road,LKST1679,UNA,Himachal Pradesh
LKST1682-Bangalore_RR nagar,LKST1682,Bengaluru,Karnataka
LKST1685-Pune_Bibwewadi,LKST1685,Pune,Maharashtra
LKST1686-Bhopal_Ayodhyanagar Bypass,LKST1686,Bhopal,Madhya Pradesh
LKST1687-Indore_Mahalaxmi Nagar New,LKST1687,Indore,Madhya Pradesh
LKST1690-Chennai_City Center Mall,LKST1690,Chennai,Tamil Nadu
LKST1691-Bangalore_Sahakarnagar2,LKST1691,Bengaluru,Karnataka
LKST1692-Mumbai_Titwala,LKST1692,Mumbai,Maharashtra
LKST1693-Thane_Dosti,LKST1693,Mumbai,Maharashtra
LKST1694-Manesar_Sector 1,LKST1694,Gurugram,Haryana
LKST1696-Punjab_Nawashahr,LKST1696,Nawanshahar,Punjab
LKST1699-Kerala_Kalpetta,LKST1699,Kalpetta,Kerala
LKST1700-Thrissur_Waddakanchery,LKST1700,Wadakkanchery,Kerala
LKST1701-Kota_Station Rd,LKST1701,Kota,Rajasthan
LKST1702-Guwahati_ Nalbari,LKST1702,Guwahati,Assam
LKST1703-Kolkata_Arambagh,LKST1703,Hooghly,West Bengal
LKST1704-Nagpur Hingna Road,LKST1704,Nagpur,Maharashtra
LKST1711-Hyderabad_Serilingamapally,LKST1711,Hyderabad,Telangana
LKST1714-Mumbai_Kasarwadavli,LKST1714,Mumbai,Maharashtra
LKST171-New Railway Road Gurugram Store,LKST171,Gurugram,Haryana
LKST1720-Thrissur_Pattambi,LKST1720,Pattambi,Kerala
LKST1721-Vijayawada_Gurunanak colony,LKST1721,Vijayawada,Andhra Pradesh
LKST1725-Trichy_Puddukottai,LKST1725,Pudukkotttai,Tamil Nadu
LKST1726-Mumbai_Dadar,LKST1726,Mumbai,Maharashtra
LKST1727-Nagpur_Nandanvan,LKST1727,Nagpur,Maharashtra
LKST1728-Cuttack_CDA Sec 10,LKST1728,Cuttack,odisha
LKST1729-Kolkata_Bally,LKST1729,Kolkata,West Bengal
LKST172-Kalyan Khadakpada Store,LKST172,Mumbai,Maharashtra
LKST1730-Chandigarh_Sirhind,LKST1730,Fatehgarh Sahib,Punjab
LKST1731-Kollam_Kaddapakada,LKST1731,Kollam,Kerala
LKST1732-Chennai_Kanchipuram,LKST1732,Kanchipuram,Tamil Nadu
LKST1733-Kollam_Kundra,LKST1733,Kundara,Kerala
LKST1734-Bangalore_Vijaynagar RPC Layout_2,LKST1734,Bengaluru,Karnataka
LKST1735-Kannur_Payannur,LKST1735,Payyanur,Kerala
LKST1736-Mumbai_Badlapur East,LKST1736,Mumbai,Maharashtra
LKST1738-Kolkata_Gopalpura,LKST1738,Kolkata,West Bengal
LKST1739-Aurangabad_TV Center,LKST1739,Aurangabad,Maharashtra
LKST1740-Delhi_Dilshad garden,LKST1740,New Delhi,Delhi
LKST1741-Mumbai_Adharwadi Kalyan West,LKST1741,Mumbai,Maharashtra
LKST1742-Raipur_New Rajendra Nagar,LKST1742,Raipur,Chhattisgarh
LKST1743-Guwahati_G.S Road Asian Palace,LKST1743,Guwahati,Assam
LKST1745-Hisar_Urban Estate,LKST1745,Hisar,Haryana
LKST1746-Pune_Punewala,LKST1746,Pune,Maharashtra
LKST1747-Gurgaon_Omaxe Sohna Road,LKST1747,Gurugram,Haryana
LKST1749-Gorakhpur_Golghar,LKST1749,Gorakhpur,Uttar Pradesh
LKST174-Bopal Ahmedabad Store,LKST174,Ahmedabad,Gujarat
LKST1750-Mumbai_Runwal green,LKST1750,Mumbai,Maharashtra
LKST1751-Chhattisgarh_Kobra,LKST1751,Korba,Chhattisgarh
LKST1752-Kochi_Forum Mall,LKST1752,Kochi,Kerala
LKST1753-Gandhinagar_Infocity,LKST1753,Gandhinagar,Gujarat
LKST1754-Mumbai_Manpada Rd East,LKST1754,Thane,Maharashtra
LKST1756-Jodhpur_Pali,LKST1756,PALI,Rajasthan
LKST1757-Noida_Alpha 2,LKST1757,Greater Noida,Uttar Pradesh
LKST1758-Jalandhar_Hoshiarpur,LKST1758,Jalandhar,Punjab
LKST1759-Chandigarh_Baddi,LKST1759,Solan,Himachal Pradesh
LKST175-Hudson Lane Delhi Store,LKST175,New Delhi,Delhi
LKST1760-Nagpur_Sakkardara,LKST1760,Nagpur,Maharashtra
LKST1761-Ahmedabad_Motera,LKST1761,Ahmedabad,Gujarat
LKST1763-Mumbai_Bhandup West,LKST1763,Mumbai,Maharashtra
LKST1764-Nagpur_Jaripatka,LKST1764,Nagpur,Maharashtra
LKST1767-Mumbai_Sahad,LKST1767,Mumbai,Maharashtra
LKST1768-Ghaziabad_ KW Delhi 6 Rajnagar Extension,LKST1768,Ghaziabad,Uttar Pradesh
LKST1769-Tiruppur_Avinashi Road,LKST1769,Tirupur,Tamil Nadu
LKST176-Ali Ganj Lucknow Store,LKST176,Lucknow,Uttar Pradesh
LKST1770-Bangalore_Ayyappanagar,LKST1770,Bengaluru,Karnataka
LKST1771-Bangalore_Kaggadassapura,LKST1771,Bengaluru,Karnataka
LKST1774-Karmanghat_hyderabad,LKST1774,Hyderabad,Telangana
LKST1775-Malaysian township ex urban Kissan,LKST1775,Hyderabad,Telangana
LKST1776-Kolkata_Camac Street,LKST1776,Kolkata,West Bengal
LKST1779-Ajmer_Vaishali Nagar,LKST1779,Ajmer,Rajasthan
LKST177-Infinity Benchmark Kolkata Store,LKST177,Kolkata,West Bengal
LKST1780-Ghaziabad_Shyam Park ext,LKST1780,Ghaziabad,Uttar Pradesh
LKST1781-Delhi_Chattarpur,LKST1781,New Delhi,Delhi
LKST1782-Hyderabad_Ameenpur,LKST1782,Hyderabad,Telangana
LKST1783-Trichy_Thillai Nagar,LKST1783,Tiruchirappalli,Tamil Nadu
LKST1784-Kottayam_Changanassery,LKST1784,Changanassery,Kerala
LKST1786-Thane_Mulund East,LKST1786,Mumbai,Maharashtra
LKST178-Z Square Mall Kanpur Store,LKST178,Kanpur,Uttar Pradesh
LKST1791-Mumbai_ Ghansoli 2,LKST1791,Mumbai,Maharashtra
LKST1792-Gwalior_DB Mall,LKST1792,Gwalior,Madhya Pradesh
LKST1793-Rampur_Civil lines,LKST1793,Rampur,Uttar Pradesh
LKST1794-Chennai_200ft Road,LKST1794,Chennai,Tamil Nadu
LKST1795-Chennai_Chinmaya Nagar,LKST1795,Chennai,Tamil Nadu
LKST1798-Tiruppur_Dharapuram Road,LKST1798,Tirupur,Tamil Nadu
LKST1799-Thrissur Cluster_Mannarkkad,LKST1799,Mannarkkad,Kerala
LKST1801-Hyderabad_Satyannarayanapuram,LKST1801,Vijayawada,Andhra Pradesh
LKST1803-Kottayam_Kattappana,LKST1803,Kattappana,Kerala
LKST1804-Delhi_Burari,LKST1804,New Delhi,Delhi
LKST1806-Indore_Kothari Market,LKST1806,Indore,Madhya Pradesh
LKST1807-Mumbai_Badlapur Ambedkar chowk,LKST1807,Mumbai,Maharashtra
LKST1808-Jaipur_Sirsi Road,LKST1808,Jaipur,Rajasthan
LKST1809-Mumbai_Sai Plaza Bhyander,LKST1809,Mumbai,Maharashtra
LKST180-NIT 5 Faridabad Store,LKST180,Faridabad,Haryana
LKST1810-Coimbatore_Gobichettipalayam,LKST1810,Gobichettipalayam,Tamil Nadu
LKST1811-Hyderabad_Boduppal2,LKST1811,Hyderabad,Telangana
LKST1812-Bangalore_Yeshwanthpur,LKST1812,Bengaluru,Karnataka
LKST1813-Kasargoad_MG Road,LKST1813,Kasargoad,Kerala
LKST1814-Nagpur_Sadar,LKST1814,Nagpur,Maharashtra
LKST1815-Thane_Hiranandani,LKST1815,Mumbai,Maharashtra
LKST1818-Navi Mumbai_Ulwe,LKST1818,Mumbai,Maharashtra
LKST1819-Surat_Nanpura,LKST1819,Surat,Gujarat
LKST181-Madipakkam Chennai Store,LKST181,Chennai,Tamil Nadu
LKST1821-Gurgaon_Manabe Sector53,LKST1821,Gurugram,Haryana
LKST1822-Hyderabad_IDPL Chintal,LKST1822,Hyderabad,Telangana
LKST1823-Cochin_Info Park,LKST1823,Kochi,Kerala
LKST1824-Kottayam_Kanjirapally,LKST1824,Kanjirapally,Kerala
LKST1826-Noida sec 110,LKST1826,Noida,Uttar Pradesh
LKST1827-Dehradun_New Cantt Rd,LKST1827,Dehradun,Uttarakhand
LKST182-Adayar Chennai Store,LKST182,Chennai,Tamil Nadu
LKST1830-Nashik_Mahatma Nagar,LKST1830,Nashik,Maharashtra
LKST1831-Mumbai_Bhayander west,LKST1831,Mumbai,Maharashtra
LKST1832-Mumbai_Kharghar Sec 12,LKST1832,Mumbai,Maharashtra
LKST1833-Kottayam_Thalayolaparambu,LKST1833,Thalayolaparambu,Kerala
LKST1837-Ajmer_Kishangarh,LKST1837,Ajmer,Rajasthan
LKST1838-Chennai_Pallavaram,LKST1838,Chennai,Tamil Nadu
LKST1839-Jamshedpur_Dimna road,LKST1839,Jamshedpur,Jharkhand
LKST183-Valsarvakam Chennai Store,LKST183,Chennai,Tamil Nadu
LKST1841-Jaipur_Chomu Palace,LKST1841,Chomu Palace,Rajasthan
LKST1842-Dehradun _Jakhan,LKST1842,Dehradun,Uttarakhand
LKST1843-Patiala_Leela Bhawan,LKST1843,Patiala,Punjab
LKST1844-Bangalore_Babusapalya,LKST1844,Bengaluru,Karnataka
LKST1845-Bangalore_Sarjapur2,LKST1845,Bengaluru,Karnataka
LKST1846-Gurgaon_ Sec 4,LKST1846,Gurugram,Haryana
LKST1847-Hyderabad_Padmarao Nagar,LKST1847,Hyderabad,Andhra Pradesh
LKST1849-Nagpur_ Zingabai Takli,LKST1849,Nagpur,Maharashtra
LKST184-RDC Ghaziabad Store,LKST184,Ghaziabad,Uttar Pradesh
LKST1851-Mumbai_Kalamboli,LKST1851,Mumbai,Maharashtra
LKST1852-Kottayam_Chengannur,LKST1852,Chengannur,Kerala
LKST1853-Nashik_Gangapur Road JLC,LKST1853,Nashik,Maharashtra
LKST1854-Goa_Candolim,LKST1854,Goa,Goa
LKST1855-Mumbai_Navare Ambernath east,LKST1855,Mumbai,Maharashtra
LKST1857-Nashik_Ashoka Marg,LKST1857,Nashik,Maharashtra
LKST1858-Jabalpur_Ranjhi,LKST1858,Jabalpur,Madhya Pradesh
LKST185-Pashan Road Pune Store,LKST185,Pune,Maharashtra
LKST1861-Golden I Noida Extension,LKST1861,Noida,Uttar Pradesh
LKST1862-Chennai_Villivakkam_MTH Road,LKST1862,Chennai,Tamil Nadu
LKST1868-Jammu_RS Pura,LKST1868,Jammu,Jammu & Kashmir
LKST186-Science City Ahmedabad Store,LKST186,Ahmedabad,Gujarat
LKST1872-Bangalore_Kormangala,LKST1872,Bengaluru,Karnataka
LKST1873-Patna_Sampat chowk,LKST1873,Patna,Bihar
LKST1876-Varanasi_Sigra,LKST1876,Varanasi,Uttar Pradesh
LKST1877-Gurgaon_Eros city,LKST1877,Gurugram,Haryana
LKST1878-Gurgaon_South Point mall,LKST1878,Gurugram,Haryana
LKST1880-Mumbai_Ulhasnagar 4,LKST1880,Thane,Maharashtra
LKST1881-Gujarat_kalol,LKST1881,Kalol,Gujarat
LKST1889-Gurgaon_Sec 17,LKST1889,Gurugram,Haryana
LKST188-Sarita Vihar Delhi Store,LKST188,New Delhi,Delhi
LKST1890-Hubli_Gokul_Road,LKST1890,Hubli,Karnataka
LKST1893-Noida_Sec 141,LKST1893,Noida,Uttar Pradesh
LKST1894-Kanpur_Karrahi,LKST1894,Kanpur,Uttar Pradesh
LKST1897-Bangalore_Channasandra,LKST1897,Bengaluru,Karnataka
LKST1899-Seetharampura_Vijayawda,LKST1899,Vijayawada,Andhra Pradesh
LKST1900-Punjab_Dera Bassi,LKST1900,Dera Bassi,Punjab
LKST1901-Hubli_RNS Road,LKST1901,Hubli,Karnataka
LKST1902-Ujjain_Nanakheda,LKST1902,Ujjain,Madhya Pradesh
LKST1904-Pune_Ravet,LKST1904,Pune,Maharashtra
LKST1905-Gwalior_Phoolbagh,LKST1905,Gwalior,Madhya Pradesh
LKST1906-Thane_Hiranandani Patlipada,LKST1906,Thane,Maharashtra
LKST1907-Ahmedabad_Nikol Gangotri Circle,LKST1907,Ahmedabad,Gujarat
LKST1909-Jharkhand_Bokaro Chas,LKST1909,Bokaro,Jharkhand
LKST190-Mogappair Chennai Store,LKST190,Chennai,Tamil Nadu
LKST1910-Patiala_Nabha,LKST1910,NABHA,Punjab
LKST1911-Rudrapur_Civil lines,LKST1911,Rudrapur,Uttarakhand
LKST1912-Delhi_Shalimar Bagh,LKST1912,New Delhi,Delhi
LKST1914-Tezpur_Civil Hospital Road,LKST1914,Sonitpur,Assam
LKST1915-Madurai_Theni Rd,LKST1915,Madurai,Tamil Nadu
LKST1916-Tirupathi_Nellore Vedayapalem,LKST1916,Nellore,Andhra Pradesh
LKST1917-Nagpur_Gokulpeth,LKST1917,Nagpur,Maharashtra
LKST1919-Mumbai _ Thakur Village,LKST1919,Mumbai,Maharashtra
LKST191-Sector15 Faridabad Store,LKST191,Faridabad,Haryana
LKST1920-Bibwewadi_Kapil Upwan Plaza_Pune,LKST1920,Pune,Maharashtra
LKST1921-Indore_Manikbagh Road,LKST1921,Indore,Madhya Pradesh
LKST1922-Ujjain_Freeganj,LKST1922,Ujjain,Madhya Pradesh
LKST1923-Pune_Moshi,LKST1923,Pune,Maharashtra
LKST1925-Mumbai_Koparkhairane,LKST1925,Mumbai,Maharashtra
LKST1926-Siliguri_Dagpur,LKST1926,Siliguri,West Bengal
LKST1927-Hyderabad_Gachibowli Service rd,LKST1927,Hyderabad,Telangana
LKST1929-Ramvarupadu__Vijayawada,LKST1929,Vijayawada,Andhra Pradesh
LKST192-Gurukul Ahmedabad Store,LKST192,Ahmedabad,Gujarat
LKST1932-Calicut_Nadapuram,LKST1932,Nadapuram,Kerala
LKST1933-Mangalore_Udupi Hanuman Circle,LKST1933,Udupi,Karnataka
LKST1934-Bhubneshwar_Lewis Rd,LKST1934,Bhubaneswar,odisha
LKST1935-Mumbai_Lokhandwala,LKST1935,Mumbai,Maharashtra
LKST1937-Punjab_Abohar,LKST1937,Abohar,Punjab
LKST1939-Gwalior_University Road,LKST1939,Gwalior,Madhya Pradesh
LKST193-Indiranagar Lucknow Store,LKST193,Lucknow,Uttar Pradesh
LKST1940-Goa_Mapusa,LKST1940,Dabolim,Goa
LKST1941-Thane_Pokharan Rd2,LKST1941,Kalyan,Maharashtra
LKST1942-Bikaner_Rani Bazar,LKST1942,Bikaner,Rajasthan
LKST1943-Bareilly_DD Puram,LKST1943,BAREILLY,Uttar Pradesh
LKST1944-Jaipur_Tonk Road,LKST1944,Jaipur,Rajasthan
LKST1945-Hyderabad_HMT hills,LKST1945,Hyderabad,Telangana
LKST1946-Hubli_Navnagar,LKST1946,Hubli,Karnataka
LKST1947-Delhi_Narela,LKST1947,New Delhi,Delhi
LKST1949-Punjab_Sri Muktsar Sahib,LKST1949,MUKSTAR SAHIB,Punjab
LKST194-Baguihati Kolkata Store,LKST194,Kolkata,West Bengal
LKST1950-Banaglore_Thubarahalli,LKST1950,Bengaluru,Karnataka
LKST1952-Visakhapatnam_Sujathanagar,LKST1952,Visakhapatnam,Andhra Pradesh
LKST1953-Nashik_Canada Corner,LKST1953,Nashik,Maharashtra
LKST1954-Karjat_Mumbai,LKST1954,Mumbai,Maharashtra
LKST1955-Nashik_Mumbai Naka,LKST1955,Nashik,Maharashtra
LKST1956-Indore_Scheme No 114,LKST1956,Indore,Madhya Pradesh
LKST1957-Kolkata_Uluberia,LKST1957,Howrah,West Bengal
LKST1959-Kolkata_Konnagar,LKST1959,Hooghly,West Bengal
LKST195-Kankurgachi Kolkata Store,LKST195,Kolkata,West Bengal
LKST1960-Punjab_Bhatinda Goniana Road,LKST1960,Bathinda,Punjab
LKST1961-Delhi_Mayur Vihar Phase 2,LKST1961,New Delhi,Delhi
LKST1962-Noida_Samridhi Grand Avneue,LKST1962,Noida,Uttar Pradesh
LKST1963-Kottayam_Thirunakkara,LKST1963,Kottayam,Kerala
LKST1965-Goa_Margao_Nr Westside,LKST1965,Goa,Goa
LKST1967-Goa_Margaon KTC bus stand,LKST1967,Margaon,Goa
LKST1968-Surat_Vesu,LKST1968,Surat,Gujarat
LKST1969-Faridabad_Sec 10,LKST1969,Faridabad,Haryana
LKST196-City Centre 1 Store,LKST196,Kolkata,West Bengal
LKST1970-Agra_Sikandara,LKST1970,Agra,Uttar Pradesh
LKST1972-Bangalore_Hosa Road,LKST1972,Bengaluru,Karnataka
LKST1973-Hubli_PB Road,LKST1973,Hubli,Karnataka
LKST1978-Mumbai_Marol Maroshi,LKST1978,Mumbai,Maharashtra
LKST197-Race Course Indore Store,LKST197,Indore,Madhya Pradesh
LKST1981-Bangalore_Manipal County Road,LKST1981,Bengaluru,Karnataka
LKST1982-Salem_Seelanaickenpatti,LKST1982,Salem,Tamil Nadu
LKST1983-Hyderabad_kokapet.,LKST1983,Hyderabad,Telangana
LKST1984-Pondicherry_MG road,LKST1984,Puducherry,Tamil Nadu
LKST1985-Zirakpur_Peer Muchalla,LKST1985,Chandigarh,Chandigarh
LKST1988-Pune_Baner Balewali Highstreet,LKST1988,Pune,Maharashtra
LKST1989-Mumbai_IC Colony Borivali West,LKST1989,Mumbai,Maharashtra
LKST1990-Bilaspur_Mangla,LKST1990,Bilaspur,Chhattisgarh
LKST1991-Bilaspur_Sarkanda,LKST1991,Bilaspur,Chhattisgarh
LKST1992-Pune_Sus rd,LKST1992,Pune,Maharashtra
LKST1993-Cuttack_Salipur,LKST1993,Cuttack,odisha
LKST1994-Delhi_Adarsh Nagar,LKST1994,New Delhi,Delhi
LKST1996-Tirupati_Nellore_GT Road,LKST1996,Nellore,Andhra Pradesh
LKST1997-Mumbai_Chembur,LKST1997,Mumbai,Maharashtra
LKST1998-Mumbai_ Naigaon,LKST1998,Mumbai,Maharashtra
LKST199-Sanjaynagar Banglore Store,LKST199,Bengaluru,Karnataka
LKST2000-Ahmedabad_Naroda Supreme square,LKST2000,Ahmedabad,Gujarat
LKST2003-Kolkata_Sonarpur,LKST2003,Kolkata,West Bengal
LKST2006-Lucknow_Kapoorthala,LKST2006,Lucknow,Uttar Pradesh
LKST2007-Mysore_Vijaynagar 4th stage,LKST2007,Mysore,Karnataka
LKST2008-Mysore_JP nagar,LKST2008,Mysore,Karnataka
LKST200-Okkiyam Thoraipakkam Store 2,LKST200,Chennai,Tamil Nadu
LKST2011-Noida_Sec 122,LKST2011,Noida,Uttar Pradesh
LKST2014-Sehore_Chanakyapuri,LKST2014,Sehore,Madhya Pradesh
LKST2018-Hyderabad_Nagaram,LKST2018,Hyderabad,Telangana
LKST2019-Tiruppur_Avinashi Rd,LKST2019,Tirupur,Tamil Nadu
LKST201-Phoenix Mall Bareilly Store,LKST201,BAREILLY,Uttar Pradesh
LKST2020-Guwahati_CentralMall,LKST2020,Guwahati,Assam
LKST2023-Rajkot_Sadhuvasvani Road,LKST2023,Rajkot,Gujarat
LKST2024-Pune_Karve Road Universal,LKST2024,Pune,Maharashtra
LKST2025-Delhi_Paschim Vihar,LKST2025,New Delhi,Delhi
LKST2026-Delhi_CR Park,LKST2026,New Delhi,Delhi
LKST2027-Punjab_Faridkot,LKST2027,Faridkot,Punjab
LKST2028-Ajmer_Srinagar Road,LKST2028,Ajmer,Rajasthan
LKST202-DLF Phase 1 Store,LKST202,Gurugram,Haryana
LKST2031-Bhubneshwar_Jaatni,LKST2031,Bhubaneswar,odisha
LKST2034-Bangalore_Kasturi Nagar,LKST2034,Bengaluru,Karnataka
LKST2035-Bangalore_Magadi main road,LKST2035,Bengaluru,Karnataka
LKST2036-Vadodara_Bhayli,LKST2036,Vadodara,Gujarat
LKST2038-Delhi_Ashok Vihar,LKST2038,New Delhi,Delhi
LKST2039-Delhi/NCR_Kapashera_Border,LKST2039,New Delhi,Delhi
LKST2041-Jalandhar_Nakoda Rd,LKST2041,Jalandhar,Punjab
LKST2044-Hubli_Station Rd,LKST2044,Hubli,Karnataka
LKST2045-Kolkata_Kalighat,LKST2045,Kolkata,West Bengal
LKST2048-Ahmedabad_Viratnagar,LKST2048,Ahmedabad,Gujarat
LKST204-Pitampura Delhi Store,LKST204,New Delhi,Delhi
LKST2050-Mumbai_Ghatkopar west,LKST2050,Mumbai,Maharashtra
LKST2053-Lucknow_Ring Road,LKST2053,Lucknow,Uttar Pradesh
LKST2054-Goa_Mapusa_Nr. Wellness,LKST2054,Goa,Goa
LKST2057-Gorakhpur_Mau,LKST2057,Gorakhpur,Uttar Pradesh
LKST2059-Punjab_Rupnagar,LKST2059,Rupnagar,Punjab
LKST2060-Bangalore_HSR 27th Main Road,LKST2060,Bengaluru,Karnataka
LKST2061-Chennai_Kattupakkam,LKST2061,Chennai,Tamil Nadu
LKST2062-Mangalore_Surathkal,LKST2062,Suratkal,Karnataka
LKST2063-Haldwani_Kashipur,LKST2063,KASHIPUR,Uttarakhand
LKST2066-Hyderabad_Yousufguda,LKST2066,Hyderabad,Telangana
LKST2068-Delhi_Tri nagar,LKST2068,New Delhi,Delhi
LKST2069-PUNJAB_BATALA,LKST2069,Batala,Punjab
LKST206-Barasat Kolkata Store,LKST206,Barasat,West Bengal
LKST2070-Mohali_Amayra Emporio,LKST2070,Mohali,Punjab
LKST2071-Gorakhpur_Taramandal,LKST2071,Gorakhpur,Uttar Pradesh
LKST2072-Siliguri Nivedita rd,LKST2072,Siliguri,West Bengal
LKST2073-Chennai_Ponneri,LKST2073,Chennai,Tamil Nadu
LKST2074-Bangalore_Kengeri Satellite2,LKST2074,Bengaluru,Karnataka
LKST2075-Kollam_ Kottiyam,LKST2075,Kottayam,Kerala
LKST2076-Bangalore_Reva College,LKST2076,Bengaluru,Karnataka
LKST2078-Jhansi_Elite,LKST2078,Jhansi,Uttar Pradesh
LKST2079-Panchkula_Pinjore,LKST2079,Pinjaur,Haryana
LKST207-City Centre 2 Kolkata Store,LKST207,Kolkata,West Bengal
LKST2080-Pune_Kondhwa,LKST2080,Pune,Maharashtra
LKST2081-Pune_Mundhwa Kharadi,LKST2081,Pune,Maharashtra
LKST2082-Ahmedabad_Visnagar,LKST2082,Visnagar,Gujarat
LKST2089-Patna_Gola road,LKST2089,Patna,Bihar
LKST208-Gariahat Kolkata Store,LKST208,Kolkata,West Bengal
LKST2092-DATTANAGAR_Pune,LKST2092,Pune,Maharashtra
LKST2093-Vijayawada_Mahanaduroad,LKST2093,Vijayawada,Andhra Pradesh
LKST209-Lake Mall Kolkata Store,LKST209,Kolkata,West Bengal
LKST2101-41_City_Hub_Hadapsar_Pune 1,LKST2101,Pune,Maharashtra
LKST2103-Sitapur_Station rd,LKST2103,Lucknow,Uttar Pradesh
LKST2105-Ahmedabad_Chanakyapuri,LKST2105,Ahmedabad,Gujarat
LKST2106-Goa_Kadamba,LKST2106,Margaon,Goa
LKST2107-Pune_Wakad_keystone Altura,LKST2107,Pune,Maharashtra
LKST2108-GOA_VASCO DA GAMA,LKST2108,Vasco Da Gama,Goa
LKST210-Rajaji Nagar Bangalore Store,LKST210,Bengaluru,Karnataka
LKST2110-Mumbai_Raigad_Alibag,LKST2110,Blank,Maharashtra
LKST2111-Coimbatore_Veerpandi Pirivu1,LKST2111,Tirupur,Tamil Nadu
LKST2113-Belgaum_Belgaum_Nehru Nagar 6,LKST2113,Belgaum,Karnataka
LKST2115-Vellore_katpadi rd,LKST2115,Vellore,Tamil Nadu
LKST2116-Coimbatore_Sitra,LKST2116,Coimbatore,Tamil Nadu
LKST2118-Kottayam_Thiruvalla,LKST2118,Thiruvalla,Kerala
LKST2119-Ghaziabad_GT rd,LKST2119,Ghaziabad,Uttar Pradesh
LKST211-Colaba Mumbai Store,LKST211,Mumbai,Maharashtra
LKST2120-Ghaziabad_Pratap Vihar,LKST2120,Ghaziabad,Uttar Pradesh
LKST2121-Mohali_Sunny Enclave,LKST2121,Mohali,Punjab
LKST2122-Lucknow_Gomtinagar Extension,LKST2122,Lucknow,Uttar Pradesh
LKST2123-Lucknow_aliganj,LKST2123,Lucknow,Uttar Pradesh
LKST2124-Mumbai_Nalasopara,LKST2124,Mumbai,Maharashtra
LKST2126-Vadodara_Maruti Solaries_Anand,LKST2126,Anand,Gujarat
LKST2127-Kolkata_Diamond Harbour,LKST2127,Kolkata,West Bengal
LKST2129-Hubli_Dharwad Saptapur,LKST2129,Belgaum,Karnataka
LKST212-MG Road Pune Store,LKST212,Pune,Maharashtra
LKST2130-Bhopal_Hoshangabad Road,LKST2130,Bhopal,Madhya Pradesh
LKST2131-Hyderabad_Tirumalagiri,LKST2131,Hyderabad,Telangana
LKST2132-Punjab_Sangrur,LKST2132,Sangrur,Punjab
LKST2134-ZADESHWER ROAD_BHARUCH,LKST2134,BHARUCH,Gujarat
LKST2135-Dibrugarh_Duliajan NSEA,LKST2135,Dibrugarh,Assam
LKST2136-Mumbai_Sion Koliwada,LKST2136,Mumbai,Maharashtra
LKST2137-Kerala_Kaloor,LKST2137,Kochi,Kerala
LKST2138-Bangalore_maruti nagar,LKST2138,Bengaluru,Karnataka
LKST2139-Bhopal_Ashoka Garden,LKST2139,Bhopal,Madhya Pradesh
LKST2140-Rajkot_Trikonbaugh,LKST2140,Rajkot,Gujarat
LKST2141-Mumbai_Vashi Railway Station Road,LKST2141,Mumbai,Maharashtra
LKST2142-Bhopal_Chunabhatti,LKST2142,Bhopal,Madhya Pradesh
LKST2143-Hyderabad_Alkapuri Nagole,LKST2143,Hyderabad,Telangana
LKST2144-Rewari_Brass market,LKST2144,REWARI,Haryana
LKST2145-Chennai_Padur,LKST2145,Chennai,Tamil Nadu
LKST2147-Alwal_Suchitra Road 74,LKST2147,Hyderabad,Telangana
LKST2148-Punjab_samana,LKST2148,Samana,Punjab
LKST2149-Ajmer_Mittal Mall,LKST2149,Ajmer,Rajasthan
LKST214-Arcadia Gurugram Store,LKST214,Gurugram,Haryana
LKST2152-Hubli _ Hubli _ Azad Colony,LKST2152,Hubli,Karnataka
LKST2153-Ludhiana_Model Town ext,LKST2153,Ludhiana,Punjab
LKST2154-Mumbai_Malad West,LKST2154,Mumbai,Maharashtra
LKST2155-Vadodara_Alkapuri,LKST2155,Vadodara,Gujarat
LKST2156-Mumbai_Sector 7_Kharghar,LKST2156,Navi Mumbai,Maharashtra
LKST2157-Link Road_Near Apollo City center_Bilaspur,LKST2157,Bilaspur,Chhattisgarh
LKST2160-Aatrey_Capital_IndiraNagar_Nashik,LKST2160,Nashik,Maharashtra
LKST2162-SURAT_DINDOLI,LKST2162,Surat,Gujarat
LKST2163-PUNE_SGS Mall,LKST2163,Pune,Maharashtra
LKST2164-Pune_Karve Nagar,LKST2164,Pune,Maharashtra
LKST2166-Kanpur_Lal Bangla,LKST2166,Kanpur,Uttar Pradesh
LKST2167-Aligarh_Marris Road_Centre Point,LKST2167,Aligarh,Uttar Pradesh
LKST2168-Lucknow_Telibagh,LKST2168,Lucknow,Uttar Pradesh
LKST2169-Jodhpur_MGH road,LKST2169,Jodhpur,Rajasthan
LKST216-Malkajgiri Hyderabad Store,LKST216,Hyderabad,Telangana
LKST2170-Delhi_Rohini sec 24,LKST2170,New Delhi,Delhi
LKST2172-Sivsagar_A T Road_Opposite Jockey,LKST2172,Sivsagar,Assam
LKST2173-Chennai_Puduchery_Karaikal_Pe,LKST2173,Karaikal,Tamil Nadu
LKST2174-Vijayawada_Guntur_Gujjnagunda 6,LKST2174,Guntur,Andhra Pradesh
LKST2175-Gurgaon_ Vyapar kendra,LKST2175,Gurugram,Haryana
LKST2176-Punjab_Mansa,LKST2176,MANSA,Punjab
LKST2177-Kanpur_Shuklaganj,LKST2177,Kanpur,Uttar Pradesh
LKST2178-Bhopal_Awadhpuri,LKST2178,Bhopal,Madhya Pradesh
LKST2179-Nashik_Untwadi,LKST2179,Nashik,Maharashtra
LKST2180-Nashik_Panchavati,LKST2180,Nashik,Maharashtra
LKST2181-Hirapur_Dhanbad,LKST2181,Dhanbad,Jharkhand
LKST2183-Mathura_Bhuteshwar Road,LKST2183,MATHURA,Uttar Pradesh
LKST2184-Jaipur_C scheme,LKST2184,Jaipur,Rajasthan
LKST2186-Hoshiarpur_Phagwara Rd.,LKST2186,HOSHIARPUR,Punjab
LKST2188-Lucknow_Vrindavan colony,LKST2188,Lucknow,Uttar Pradesh
LKST2190-Lucknow_Barabanki,LKST2190,Lucknow,Uttar Pradesh
LKST2191-Noida_Sec 44,LKST2191,Noida,Uttar Pradesh
LKST2192-Pune_Chakan,LKST2192,Pune,Maharashtra
LKST2193-Pune_Chilki Spine City,LKST2193,Pune,Maharashtra
LKST2194-Delhi_Mayur Vihar Phase 3,LKST2194,New Delhi,Delhi
LKST2195-Gaya_Circuit House,LKST2195,Gaya,Bihar
LKST2196-Sanchi_Vidisha Road,LKST2196,Sanchi,Madhya Pradesh
LKST2197-Chennai_Arakkonam,LKST2197,Arakkonam,Tamil Nadu
LKST2198-Banaglore JP Nagar 24th Main road,LKST2198,Bengaluru,Karnataka
LKST2199-Kerala_Adimali,LKST2199,Adimali,Kerala
LKST219-Attapur Hyderabad Store,LKST219,Hyderabad,Telangana
LKST2200-Hyderabad_sainikpuri,LKST2200,Hyderabad,Telangana
LKST2201-Agartala_Krishna nagar,LKST2201,Agartala,Tripura
LKST2203-Noida_Sec 77,LKST2203,Noida,Uttar Pradesh
LKST2205-Surat_ Gandevi Road Navsari,LKST2205,Navsari,Gujarat
LKST2207-GOA SIOLIM,LKST2207,Goa,Goa
LKST2208-Chennai_Neyveli_New Construction,LKST2208,Neyveli,Tamil Nadu
LKST2209-Hyderabad_Nagole,LKST2209,Hyderabad,Telangana
LKST2210-Gorakhpur_Bank Road adjoining Reliance Trends,LKST2210,Gorakhpur,Uttar Pradesh
LKST2211-Kolkata_Maslandapur,LKST2211,Kolkata,West Bengal
LKST2213-Rajahmundry_JN Road,LKST2213,Rajahmundry,Andhra Pradesh
LKST2214-Patna_Danapur,LKST2214,Patna,Bihar
LKST2215-Patna_Kankarbagh_Tempo Stand opposite Duke,LKST2215,Patna,Bihar
LKST2216-Perambalur_Trichy,LKST2216,Perambalur,Tamil Nadu
LKST2217-Lohegaon_Porwal Road_Pune,LKST2217,Pune,Maharashtra
LKST2218-Mumbai_DahisarCheck Naka1,LKST2218,Mumbai,Maharashtra
LKST2219-Nashik_Dindori Road,LKST2219,Nashik,Maharashtra
LKST221-VR Punjab Mall Store,LKST221,Mohali,Punjab
LKST2220-Pune_Dhole patil road,LKST2220,Pune,Maharashtra
LKST2221-GOA PONDA NR WELLNESS,LKST2221,Panaji,Goa
LKST2222-GOA_SANQUELIM,LKST2222,Dabolim,Goa
LKST2223-Bhopal_Karond,LKST2223,Bhopal,Madhya Pradesh
LKST2224-Hadapsar_Sasane Nagar_Pune,LKST2224,Pune,Maharashtra
LKST2225-Punjab_Mandi Dabwali,LKST2225,Mandi Dabwali,Haryana
LKST2226-Jaipur_Girdhar Marg,LKST2226,Jaipur,Rajasthan
LKST2227-Bhopal_Lalghati,LKST2227,Bhopal,Madhya Pradesh
LKST2228-Tirupati_Tirumala Bypass 5,LKST2228,Tirupati,Andhra Pradesh
LKST2229-Visakhapatnam_kurmannapalem 16,LKST2229,Visakhapatnam,Andhra Pradesh
LKST222-Thanisandra Bangalore Store,LKST222,Bengaluru,Karnataka
LKST2230-Langval Mall_Thanjavur,LKST2230,Thanjavur,Tamil Nadu
LKST2231-Bangalore_Bannerghatta,LKST2231,Bengaluru,Karnataka
LKST2233-Kolkata_Serampore,LKST2233,Kolkata,West Bengal
LKST2234-Pune_NIBM_AMC Avenue,LKST2234,Pune,Maharashtra
LKST2235-Ahmedabad_Nadiad,LKST2235,Nadiad,Gujarat
LKST2236-Mumbai_SV Rd Andheri,LKST2236,Mumbai,Maharashtra
LKST2237-Surat_Pandesara,LKST2237,Surat,Gujarat
LKST2238-Surat_Pal,LKST2238,Surat,Gujarat
LKST2239-Faridabad_Greenfield,LKST2239,Faridabad,Haryana
LKST223-Hesarghatta Bangalore Store,LKST223,Bengaluru,Karnataka
LKST2240-Ranchi_ Kadru,LKST2240,Ranchi,Jharkhand
LKST2241-Kolkata_Shyamnagar,LKST2241,Kolkata,West Bengal
LKST2242-Visakhapatnam_MVP Double Road,LKST2242,Visakhapatnam,Andhra Pradesh
LKST2243-Cuttack_Chauliaganj,LKST2243,Cuttack,odisha
LKST2244-Pune_Chinchwad link,LKST2244,Pune,Maharashtra
LKST2245-Jorhat_A T Road_Near HDFC,LKST2245,Jorhat,Assam
LKST2246-Sonipat_Gandhi chowk,LKST2246,Sonipat,Haryana
LKST2247-Kolkata_Metropolitan,LKST2247,Kolkata,West Bengal
LKST2249-Rajkot_Gondal,LKST2249,Gondal,Gujarat
LKST224-City Light Surat Store,LKST224,Surat,Gujarat
LKST2250-Kanpur_Saket nagar,LKST2250,Kanpur,Uttar Pradesh
LKST2251-Ghaziabad_skardi plaza,LKST2251,Ghaziabad,Uttar Pradesh
LKST2252-Kota_Dadabadi,LKST2252,Kota,Rajasthan
LKST2253-Ahmedabad_Sanand,LKST2253,Sanand,Gujarat
LKST2254-Surat_Honey Park,LKST2254,Surat,Gujarat
LKST2255-Haldwani_Kaladungi,LKST2255,Haldwani,Uttarakhand
LKST2257-Nashik_Govind Nagar,LKST2257,Nashik,Maharashtra
LKST2258-Mumbai_Shimpoli Borivali West,LKST2258,Mumbai,Maharashtra
LKST2259-Nashik_Pathardi phata,LKST2259,Nashik,Maharashtra
LKST225-Civil lines Ludhiana Store,LKST225,Ludhiana,Punjab
LKST2260-Pune_Sinhgad Road,LKST2260,Pune,Maharashtra
LKST2261-Palakkad_Kalmandapam,LKST2261,Kalmandapam,Kerala
LKST2262-Kollam_High School Jn,LKST2262,Kochi,Kerala
LKST2263-Vijayawada_Tadepalle,LKST2263,Vijayawada,Andhra Pradesh
LKST2264-Bangalore_Bangalore_Rajungunte 81,LKST2264,Bengaluru,Karnataka
LKST2265-Bangalore_Bangalore_Marathalli2 83,LKST2265,Bengaluru,Karnataka
LKST2266-Asansol_Apcar Garden,LKST2266,Asansol,West Bengal
LKST2267-Coimbatore_Tiruppur_Pharma,LKST2267,Tirupur,Tamil Nadu
LKST2268-Faridabad_sec 37,LKST2268,Faridabad,Haryana
LKST2269-Punjab_Fazilka,LKST2269,Fazilka,Punjab
LKST2270-Itanagar_Ziro Point,LKST2270,Itanagar,Arunachal Pradesh
LKST2271-Hyderabad_Kondapur Junction 29,LKST2271,Hyderabad,Telangana
LKST2272-Coimbatore_Salem perambur,LKST2272,Salem,Tamil Nadu
LKST2273-Villianur_Puducherry,LKST2273,Puducherry,Puducherry
LKST2274-Pune_Baramati_MIDC,LKST2274,Pune,Maharashtra
LKST2277-Chennai_Manali,LKST2277,Chennai,Tamil Nadu
LKST2278-Dehradun_Aragarh,LKST2278,Dehradun,Uttarakhand
LKST2279-Mumbai_Seawoods Railway Station Road,LKST2279,Mumbai,Maharashtra
LKST227-SARATH CITY CAPITAL MALL HYDERABAD,LKST227,Hyderabad,Telangana
LKST2280-Vadodara_Vip Road,LKST2280,Vadodara,Gujarat
LKST2281-Erode_Sathyamangalam,LKST2281,Erode,Tamil Nadu
LKST2283-Pune_Talegaon,LKST2283,Pune,Maharashtra
LKST2284-Cuttack_College Square,LKST2284,Cuttack,odisha
LKST2285-Gujarat_Silvasa Road_Vapi,LKST2285,Vapi,Gujarat
LKST2286-Cuttack_Mahanadi Vihar,LKST2286,Cuttack,odisha
LKST2287-Bilaspur_Vyapar Vihar,LKST2287,Bilaspur,Chhattisgarh
LKST2288-Bangalore_Bhanashankari,LKST2288,Bengaluru,Karnataka
LKST2289-Bangalore_Parappana_Agrahara,LKST2289,Bengaluru,Karnataka
LKST2290-Muzaffarpur_Icon Plaza Mall,LKST2290,Muzaffarpur,Bihar
LKST2292-Malad_Inorbit Mall,LKST2292,Mumbai,Maharashtra
LKST2297-Nashik_Ambad Link Road,LKST2297,Nashik,Maharashtra
LKST2298-Rajkot_Mavdi Road,LKST2298,Rajkot,Gujarat
LKST2299-Rajkot_Sheetal Park,LKST2299,Rajkot,Gujarat
LKST229-Chandra Layout Bangalore Store,LKST229,Bengaluru,Karnataka
LKST2301-Pune_Kondhwa,LKST2301,Pune,Maharashtra
LKST2303-Mumbai_Vihar_Manvelpada,LKST2303,Mumbai,Maharashtra
LKST2304-Coimbatore_Brookefields Mall,LKST2304,Coimbatore,Tamil Nadu
LKST2305-Vishakhapatnam_Gopalapatnam,LKST2305,Visakhapatnam,Andhra Pradesh
LKST2306-Gurgaon_Jharsa rd,LKST2306,Gurugram,Haryana
LKST2307-Patna_Phulwari Sharif,LKST2307,Patna,Bihar
LKST2308-Kokrajhar_JD Road,LKST2308,Kokrajhar,Assam
LKST230-RR Nagar Bangalore Store,LKST230,Bengaluru,Karnataka
LKST2310-Pathankot_Dalhousie rd,LKST2310,Pathankot,Punjab
LKST2312-Near Mr.Bakers_Pal Road_Jodhpur,LKST2312,Jodhpur,Rajasthan
LKST2313-Mumbai_Thane_Ram Maruti Road,LKST2313,Thane,Maharashtra
LKST2314-Thane_Parsik Nagar,LKST2314,Thane,Maharashtra
LKST2315-Vadodara_Fatehgunj,LKST2315,Vadodara,Gujarat
LKST2316-Jaipur_Mall rd,LKST2316,Jaipur,Rajasthan
LKST2317-Mangalore_Thokkottu_Derlakatte,LKST2317,Deralakatte,Karnataka
LKST2318-Panchkula_MDC 5,LKST2318,Panchkula,Haryana
LKST2319-Jodhpur_Adj-S Kiddies School_Chopasani Rd,LKST2319,Jodhpur,Rajasthan
LKST2320-Patna_Kumhrar,LKST2320,Patna,Bihar
LKST2321-Ranchi_Puruliya Road,LKST2321,Ranchi,Jharkhand
LKST2322-Bhubaneswar_Infocity,LKST2322,Cuttack,odisha
LKST2323-Durgapur_City Center,LKST2323,Durgapur,West Bengal
LKST2324-Ayodhya_Civil lines,LKST2324,Ayodhya,Uttar Pradesh
LKST2325-Udaipur_Hiran Margi Sec 11,LKST2325,Udaipur,Rajasthan
LKST2326-Gorakhpur_Mohaddipur,LKST2326,Gorakhpur,Uttar Pradesh
LKST2327-Banglore_Doddabalapur 84,LKST2327,Bengaluru,Karnataka
LKST2328-Bangalore_Basaweshwarnagar,LKST2328,Bengaluru,Karnataka
LKST2329-Erode_Mettur Road,LKST2329,Erode,Tamil Nadu
LKST2331-Aurangabad_Beed Bypass Road,LKST2331,Aurangabad,Maharashtra
LKST2333-Vadodara_Ellorapark Road,LKST2333,Vadodara,Gujarat
LKST2334-Mumbai_Mira Road,LKST2334,Mumbai,Maharashtra
LKST2337-Mumbai_Vasai East_Nr Zudio,LKST2337,Mumbai,Maharashtra
LKST2338-Jalpaiguri_Kadamtala,LKST2338,Jalpaiguri,West Bengal
LKST2339-Delhi_Vikaspuri Block-C,LKST2339,New Delhi,Delhi
LKST2340-Jalandhar_PPR market,LKST2340,Jalandhar,Punjab
LKST2341-Bangalore_Jakkasandra,LKST2341,Bengaluru,Karnataka
LKST2343-Kottayam_Kalathippady,LKST2343,Kochi,Kerala
LKST2344-Kolhapur_Sangli_Vijay Nagar,LKST2344,Margaon,Goa
LKST2345-Pune_Mohammad Wadi_Majestique,LKST2345,Pune,Maharashtra
LKST2346-Kolkata_Shyambazar,LKST2346,Kolkata,West Bengal
LKST2347-Vadodara_Nizampura,LKST2347,Vadodara,Gujarat
LKST2348-Mumbai_Kalyan Shilphata Rd,LKST2348,Kalyan,Maharashtra
LKST2353-Vishakhapatnam_Vijayanagaram_busstand road,LKST2353,Visakhapatnam,Andhra Pradesh
LKST2354-IndirapuramShakti Khand,LKST2354,Ghaziabad,Uttar Pradesh
LKST2355-Vijayawada_Guntur_Arundelpet 1,LKST2355,Guntur,Andhra Pradesh
LKST2357-Vijayawada_Guntur_Amaravathi,LKST2357,Vijayawada,Andhra Pradesh
LKST2358-Vijayawada_Siddartha college road  1,LKST2358,Vijayawada,Andhra Pradesh
LKST2359-J Block Saket_Delhi,LKST2359,New Delhi,Delhi
LKST2360-Gujarat_Surendranagar,LKST2360,Surendranagar,Gujarat
LKST2361-Dehradun_Mall Of Dehradun,LKST2361,Dehradun,Uttarakhand
LKST2362-Raipur_RK College Road,LKST2362,Raipur,Chhattisgarh
LKST2363-Siliguri Burdwan Road Near Pantaloon,LKST2363,Siliguri,West Bengal
LKST2364-Mumbai_Kandivali West,LKST2364,Mumbai,Maharashtra
LKST2366-Huda Market Sector_14_Gurgaon,LKST2366,Gurugram,Haryana
LKST2367-Bangalore_ NR Colony-28,LKST2367,Bengaluru,Karnataka
LKST236-Omaxe Connaugth Place Store,LKST236,Greater Noida,Uttar Pradesh
LKST2372-Adj.Barista_PC Rd_Barnala_Punjab,LKST2372,Barnala,Punjab
LKST2373-Cumbum_Neo Collection,LKST2373,CUMBUM,Tamil Nadu
LKST2374-Noida_PKS Town central,LKST2374,Greater Noida,Uttar Pradesh
LKST2375-Thodupuzha_Muvattupuzha,LKST2375,Thodupuzha,Kerala
LKST2376-Dehradun_Sahastradhara Road,LKST2376,Dehradun,Uttarakhand
LKST2377-Chennai_Thiruninravur_Vimal,LKST2377,Chennai,Tamil Nadu
LKST237-Forum Mall Mysore Store,LKST237,Mysore,Karnataka
LKST2380-Hyderabad_Hyderabad_Kompally_80,LKST2380,Hyderabad,Telangana
LKST2381-DairyFarm_Road_Hyderabad,LKST2381,Hyderabad,Telangana
LKST2382-New Ranip_Ahmedabad,LKST2382,Ahmedabad,Gujarat
LKST2384-Adj. Shree_Kunjpura Rd_karnal,LKST2384,Karnal,Haryana
LKST2385-Hyderabad_Moulali 82,LKST2385,Hyderabad,Telangana
LKST2386-Tirupati_Tirupati_chittoor 8,LKST2386,Chittoor,Andhra Pradesh
LKST2387-Coimbatore_Harur,LKST2387,Harur,Tamil Nadu
LKST2388-Sangli_Madhavnagar_Road,LKST2388,Sangli,Maharashtra
LKST2389-Bangalore_ Bangalore_Attibele 86,LKST2389,Attibele,Karnataka
LKST238-RCT Ghatkoper Mumbai Store,LKST238,Mumbai,Maharashtra
LKST2391-Noida_Sec 18 Atta Market,LKST2391,Noida,Uttar Pradesh
LKST2392-Pune_Rahatani Road,LKST2392,Pune,Maharashtra
LKST2393-Mumbai_Goregaon E,LKST2393,Mumbai,Maharashtra
LKST2394-Jabalpur_Garha,LKST2394,Jabalpur,Madhya Pradesh
LKST2395-Phursungi_Pune,LKST2395,Pune,Maharashtra
LKST2396-Patna_Bailey rd,LKST2396,Patna,Bihar
LKST2397-Shimla_Sanjauli,LKST2397,Shimla,Uttarakhand
LKST2398-Narhe_Pune,LKST2398,Pune,Maharashtra
LKST2399-Pune_Satara Road,LKST2399,Pune,Maharashtra
LKST23-Noida Store,LKST23,Noida,Uttar Pradesh
LKST2400-Khodiyar Colony_Jamnagar,LKST2400,Jamnagar,Gujarat
LKST2401-Mumbai_Borivali East_Nr Dominos,LKST2401,Mumbai,Maharashtra
LKST2402-Patna_RPS More,LKST2402,Patna,Bihar
LKST2403-Mumbai_Charpok kanivali west,LKST2403,Mumbai,Maharashtra
LKST2405-LK_Sarjapur bengaluru,LKST2405,Bengaluru,Karnataka
LKST2406-Dehradun_Mussoorie Mall Road,LKST2406,mussoorie,Uttarakhand
LKST2407-Chennai_Gummidipoondi_Salon,LKST2407,Chennai,Tamil Nadu
LKST2408-Goa_Baga,LKST2408,Dabolim,Goa
LKST2409-Hyderabad_Balapur X roads 51,LKST2409,Hyderabad,Telangana
LKST240-Hadapsar Pune Store,LKST240,Pune,Maharashtra
LKST2410-Dehradun_Indira nagar,LKST2410,Dehradun,Uttarakhand
LKST2411-Tiruchirapalli_Pattukkottai,LKST2411,Pattukottai,Tamil Nadu
LKST2413-Visakhapatnam_Madhurawada,LKST2413,Visakhapatnam,Andhra Pradesh
LKST2414-Bangalore_Devarachikkanahalli Road,LKST2414,Bengaluru,Karnataka
LKST241-Jogeshwari Mumbai Store,LKST241,Mumbai,Maharashtra
LKST2421-Vadodara_Makarpura,LKST2421,Vadodara,Gujarat
LKST2423-Hosur_Bagalur rd,LKST2423,Hosur,Tamil Nadu
LKST2424-Goa _Margao_Navelim,LKST2424,Dabolim,Goa
LKST2427-Jind_Rani Talab rd,LKST2427,JInd,Haryana
LKST2428-Agartala_Paradise Choumunhi,LKST2428,Agartala,Tripura
LKST2429-Dharamshala_Kotwali bazar,LKST2429,DHARAMSHALA,Uttarakhand
LKST2431-Dehradun_Haridwar bypass rd,LKST2431,mussoorie,Uttarakhand
LKST2432-Shillong_Police Bazar,LKST2432,Shillong,Meghalaya
LKST2434-Coimbatore_Karur_SVS,LKST2434,Karur,Tamil Nadu
LKST243-Airoli Navi Mumbai Store,LKST243,Mumbai,Maharashtra
LKST2440-Bhopal_Bittan market,LKST2440,Bhopal,Madhya Pradesh
LKST2441-Jaipur_Sikar rd,LKST2441,Jaipur,Rajasthan
LKST2442-Vijayanagaram_Phoolbagh rd,LKST2442,Visakhapatnam,Andhra Pradesh
LKST2444-Rishikesh_Tapovan,LKST2444,Rishikesh,Haryana
LKST2445-Coimbatore_Karur,LKST2445,Karur,Tamil Nadu
LKST2446-VIP_SURAT- Mega,LKST2446,Surat,Gujarat
LKST2447-Shilchar_Sillongpatty,LKST2447,Silchar,Assam
LKST2449-Bhiwani_Circular rd,LKST2449,Bhiwani,Haryana
LKST244-Crossing Republik Ghaziabad Store,LKST244,Ghaziabad,Uttar Pradesh
LKST2450-Sarada College road,LKST2450,Salem,Tamil Nadu
LKST2451-Coimbatore_Kamarajar rd,LKST2451,Coimbatore,Tamil Nadu
LKST2452-Gangtok West Side Mall,LKST2452,Gangtok,Sikkim
LKST2453-Kolkata _Krishnanagar near SBI Bank,LKST2453,Kolkata,West Bengal
LKST2454-Guwahati_Zoo Road Tiniali,LKST2454,Guwahati,Assam
LKST2455-Kolkata_Kharagpur,LKST2455,Kolkata,West Bengal
LKST2458-Bengaluru_ Indiranagar,LKST2458,Bengaluru,Karnataka
LKST2460-Guwahati_AT,LKST2460,Guwahati,Assam
LKST2461-Deoria_Gorakhpur,LKST2461,Deoria,Uttar Pradesh
LKST2462-Pune_Viman nagar,LKST2462,Pune,Maharashtra
LKST2463-Ahemdabad_Shela,LKST2463,Ahmedabad,Gujarat
LKST2465-Agra_Mainpuri_Station rd,LKST2465,Mainpuri,Uttar Pradesh
LKST2466-Jaipur_Trinity Mall,LKST2466,Jaipur,Rajasthan
LKST2467-Gwalior_Pinto Park,LKST2467,Gwalior,Madhya Pradesh
LKST2468-Pune_Akurdi_PCMC,LKST2468,Pune,Maharashtra
LKST246-Vaishali Store,LKST246,Ghaziabad,Uttar Pradesh
LKST2471-Udaipur_Bapu Bazar,LKST2471,Udaipur,Rajasthan
LKST2472-Muzaffarpur_Akharaghat,LKST2472,Muzaffarpur,Bihar
LKST2473-Patna_Boring rd,LKST2473,Patna,Bihar
LKST2474-Patna_Saguna More_1,LKST2474,Patna,Bihar
LKST2481-Coimbatore_Palani_SV &amp; co,LKST2481,Palani,Tamil Nadu
LKST2483-Patna_Bihta,LKST2483,Bihta,Bihar
LKST2485-Vijay cross road_Ahmedabad,LKST2485,Ahmedabad,Gujarat
LKST2488-Farrukhabad_Thandi sadak,LKST2488,Farrukhabad,Uttar Pradesh
LKST2489-Coimbatore_Dharapuram,LKST2489,Dharapuram,Tamil Nadu
LKST248-Providence Mall Pondicherry Store,LKST248,Puducherry,Puducherry
LKST2490-Panipat_GT road,LKST2490,Panipat,Haryana
LKST2491-Shaheen Bagh Delhi,LKST2491,New Delhi,Delhi
LKST2492-Pune_Pavillion Mall,LKST2492,Sangli,Maharashtra
LKST2493-Pune_JM Road_1,LKST2493,Pune,Maharashtra
LKST2495-Mumbai_Andheri West,LKST2495,Mumbai,Maharashtra
LKST2496-Calicut_Mukkam,LKST2496,Calicut,Kerala
LKST2497-Kerala_Kannur_Mattannura,LKST2497,Kannur,Kerala
LKST2500-Alwar_Ambedkar Circle,LKST2500,Alwar,Rajasthan
LKST2501-Muzaffarpur_Kalambagh,LKST2501,Muzaffarpur,Bihar
LKST2503-Delhi_Pankha rd,LKST2503,New Delhi,Delhi
LKST2504-Mumbai_Ghatkopar East_Hingwala,LKST2504,Mumbai,Maharashtra
LKST2505-Kolkata_Joka,LKST2505,Kolkata,West Bengal
LKST2506-Bhatinda_Bibi wala rd,LKST2506,Bathinda,Punjab
LKST2507-Bangalore_Dommasandra,LKST2507,Bengaluru,Karnataka
LKST2508-Bhiwadi_Alwar bypass rd,LKST2508,Bhiwadi,Rajasthan
LKST2509-Anantnag_KP rd,LKST2509,Anantnag,Jammu & Kashmir
LKST2510-Indore_Usha Nagar,LKST2510,Indore,Madhya Pradesh
LKST2511-Coimbatore_PN Palayam,LKST2511,Coimbatore,Tamil Nadu
LKST2512-Calicut_Malappuram_Parappangadi,LKST2512,Parappangadi,Kerala
LKST2513-Kallakurichi_Durugam Road,LKST2513,Kallakurichi,Tamil Nadu
LKST2514-Jaipur_Shipra Path,LKST2514,Jaipur,Rajasthan
LKST2515-Chennai_Arni_Bright park,LKST2515,Arani,Tamil Nadu
LKST2516-Katni_Jabalpur,LKST2516,Katni,Madhya Pradesh
LKST2517-Raipur_Mowa,LKST2517,Raipur,Chhattisgarh
LKST2518-Fafadih_Raipur,LKST2518,Raipur,Chhattisgarh
LKST251-Orion Mall Gateway Bangalore Store,LKST251,Bengaluru,Karnataka
LKST2520-Bhopal_Katara Hills,LKST2520,Bhopal,Madhya Pradesh
LKST2521-Patna_Ara,LKST2521,Ara,Bihar
LKST2523-Patna_New Dak Banglow,LKST2523,Patna,Bihar
LKST2524-Sikar_Piprali rd,LKST2524,Sikar,Rajasthan
LKST2525-Rajpura_Punjab,LKST2525,Rajpura,Punjab
LKST2526-Haldwani_Nainital road,LKST2526,Nainital,Uttarakhand
LKST2527-Hazaribagh_Jhanda,LKST2527,Hazaribagh,Jharkhand
LKST2528-Darbhanga_Kathalbari,LKST2528,Patna,Bihar
LKST2529-Rajahmundry_Kakinada,LKST2529,Kakinada,Andhra Pradesh
LKST252-Chandivali Mumbai Store,LKST252,Mumbai,Maharashtra
LKST2530-Giridh_Court rd,LKST2530,Giridih,Jharkhand
LKST2531-Bangalore_Bangalore_Kempapura 58,LKST2531,Bengaluru,Karnataka
LKST2532-Chennai_Villupuram_1,LKST2532,Villupuram,Tamil Nadu
LKST2533-Kerala_Kanhagad,LKST2533,Kanhangad,Kerala
LKST2534-Kolkata_Rajarhat Derozio College,LKST2534,Kolkata,West Bengal
LKST2535-Dimapur_Dhobinalla,LKST2535,Guwahati,Assam
LKST2536-Dimapur_Kohima,LKST2536,Guwahati,Assam
LKST253-Diamond Plaza Mall Kolkata Store,LKST253,Kolkata,West Bengal
LKST2540-Bhopal_Rohit Nagar,LKST2540,Bhopal,Madhya Pradesh
LKST2543-MUMBAI_NALASOPARA WEST_1,LKST2543,Mumbai,Maharashtra
LKST2544-Solapur_VIP Road,LKST2544,Solapur,Maharashtra
LKST2546-Bhuj_College Road,LKST2546,Bhuj,Gujarat
LKST2547-Indore_Bangali Square,LKST2547,Indore,Madhya Pradesh
LKST2548-Asansol_Hutton rd,LKST2548,Asansol,West Bengal
LKST2549-Bhavnagar_Kaliyabid Water Tank,LKST2549,Bhavnagar,Gujarat
LKST2550-Bangalore_Hanumanth nagar,LKST2550,Bengaluru,Karnataka
LKST2551-Dibrugarh_AT Road,LKST2551,Dibrugarh,Assam
LKST2553-Kotdwar_Jhanda Chowk,LKST2553,KOTDWAR,Uttarakhand
LKST2554-Saharanpur_Court rd,LKST2554,saharanpur,Uttar Pradesh
LKST2558-Nagpur_Jafar Nagar,LKST2558,Nagpur,Maharashtra
LKST255-Lake Town Kolkata Store,LKST255,Kolkata,West Bengal
LKST2560-Mumbai_Powai,LKST2560,Mumbai,Maharashtra
LKST2561-Begusarai_Kali Asthan,LKST2561,Begusarai,Bihar
LKST2562-Dimapur_Chumukdeima,LKST2562,Dimapur,Nagaland
LKST2563-Coimbatore_kuniyamuthur,LKST2563,Coimbatore,Tamil Nadu
LKST2564-Kurukshetra_Piple Road,LKST2564,Kurukshetra,Haryana
LKST2565-Bareilly_Pilibhit_ByPass Road,LKST2565,BAREILLY,Uttar Pradesh
LKST2566-Kolkata_New Alipore,LKST2566,Kolkata,West Bengal
LKST2567-Kochi_MG rd_1,LKST2567,Kochi,Kerala
LKST256-Kanchrapara Kolkata Store,LKST256,Kolkata,West Bengal
LKST2570-Durgapur_Asansol_Kanyapur,LKST2570,Asansol,West Bengal
LKST2571-Jaipur_Apex Circle Rd,LKST2571,Jaipur,Rajasthan
LKST2573-Kerala Kottayam_Ettumanoor,LKST2573,Ettumanoor,Kerala
LKST2574-Nagpur_Wadi,LKST2574,Nagpur,Maharashtra
LKST2575-Bhavnagar_Mahila College Circle,LKST2575,Bhavnagar,Gujarat
LKST2576-Kolhapur_Rankala Lake,LKST2576,Sangli,Maharashtra
LKST2577-Etawah_Harsh Nagar,LKST2577,Etawah,Uttar Pradesh
LKST2578-Chennai_Pattabiram,LKST2578,Chennai,Tamil Nadu
LKST2579-Patna_Bhagalpur_MG Road,LKST2579,Patna,Bihar
LKST2580-Dhubri_Town Circle,LKST2580,Dhubri,Assam
LKST2582-Kolkata_Barasat_1,LKST2582,Kolkata,West Bengal
LKST2583-Pune_Bhosari,LKST2583,Pune,Maharashtra
LKST2584-Mumbai_Vasai West,LKST2584,Mumbai,Maharashtra
LKST2585-Mumbai_Mathurdas Lane,LKST2585,Mumbai,Maharashtra
LKST2586-Nagpur_Ganeshpeth,LKST2586,Nagpur,Maharashtra
LKST2587-Erode_Brough Road,LKST2587,Erode,Tamil Nadu
LKST2588-Vijayawada_Kanuru road,LKST2588,Vijayawada,Andhra Pradesh
LKST2589-Kanpur_Keshavpura,LKST2589,Kanpur,Uttar Pradesh
LKST258-NEXT TREASURE ISLAND MALL INDORE,LKST258,Indore,Madhya Pradesh
LKST2590-Jabalpur_wright town,LKST2590,Jabalpur,Madhya Pradesh
LKST2591-Pune_Wadgaonsheri,LKST2591,Sangli,Maharashtra
LKST2592-Mumbai_Andheri-Kurla Road,LKST2592,Mumbai,Maharashtra
LKST2593-Jhajjar_Rohtak rd,LKST2593,Jhajjar,Haryana
LKST2594-Adoor_Patanamitta,LKST2594,Adoor,Kerala
LKST2595-Cuttack_Cantonment,LKST2595,Cuttack,odisha
LKST2596-Patna_kankarbagh,LKST2596,Patna,Bihar
LKST2597-Jabalupur_adhartal,LKST2597,Jabalpur,Madhya Pradesh
LKST2598-Nagpur_Somalwada,LKST2598,Nagpur,Maharashtra
LKST259-TC Palya Bangalore Store,LKST259,Bengaluru,Karnataka
LKST2600-Mumbai_Thane_Wagle Estate,LKST2600,Mumbai,Maharashtra
LKST2602-Bongaigaon_AOC rd,LKST2602,Bongaigaon,Assam
LKST2604-Bangalore_Panathur main road 35,LKST2604,Bengaluru,Karnataka
LKST2606-Delhi_Palam,LKST2606,New Delhi,Delhi
LKST2607-Delhi_Vishwas nagar,LKST2607,New Delhi,Delhi
LKST2608-Bihar Sharif_Ranchi Road Near Monte Carlo,LKST2608,Patna,Bihar
LKST2610-Nagpur _ CA Road,LKST2610,Nagpur,Maharashtra
LKST2611-Lakhimpur_NT rd,LKST2611,Lakhimpur,Assam
LKST2613-Mumbai_Vikhroli West,LKST2613,Mumbai,Maharashtra
LKST2614-Ghaziabad_Siddharth vihar,LKST2614,Ghaziabad,Uttar Pradesh
LKST2615-Galleria Market Gurgaon,LKST2615,Gurugram,Haryana
LKST2617-Angamaly_Medstore,LKST2617,Angamaly,Kerala
LKST2618-HYD_Alkapuri Nagole Road 44,LKST2618,Hyderabad,Telangana
LKST261-Pachkula Store,LKST261,Panchkula,Haryana
LKST2620-Pune_Wagholi Baif Rd,LKST2620,Pune,Maharashtra
LKST2622-Bangalore_Devasandra 75,LKST2622,Bengaluru,Karnataka
LKST2623-Roshanpura_Najafgarh,LKST2623,New Delhi,Delhi
LKST2626-Punjab_Moga_1,LKST2626,MOGA,Punjab
LKST2627-Punjab_Ferozpur Rd,LKST2627,Zira,Punjab
LKST2629-Hoshiarpur_Mall Road,LKST2629,HOSHIARPUR,Punjab
LKST262-The Wave Mall Jammu Store,LKST262,Jammu,Jammu & Kashmir
LKST2631-Jamnagar_Green city,LKST2631,Jamnagar,Gujarat
LKST2632-Thane pokharan rd,LKST2632,Mumbai,Maharashtra
LKST2633-Charkhi_Dadri,LKST2633,Charkhi dadri,Haryana
LKST2635-Namakkal_Salem rd,LKST2635,Namakkal,Tamil Nadu
LKST2636-Surat_Gaurav Path Road,LKST2636,Surat,Gujarat
LKST2637-Hyderabad_Ameerpet Road,LKST2637,Hyderabad,Telangana
LKST2638-Muzaffarnagar_New mandi,LKST2638,MUZAFFARNAGAR,Uttar Pradesh
LKST2639-Aurangabad_MG Road_1,LKST2639,Aurangabad,Bihar
LKST2641-Mumbai_New Panvel,LKST2641,Mumbai,Maharashtra
LKST2642-Jaipur_MI road_1,LKST2642,Jaipur,Rajasthan
LKST2643-Bangalore_KIMS College,LKST2643,Bengaluru,Karnataka
LKST2648-Kolkata_Airport Gate No 2,LKST2648,Kolkata,West Bengal
LKST2649-Vishakhapattanam_Seethamapet,LKST2649,Visakhapatnam,Andhra Pradesh
LKST264-Rajpura Road Dehradun Store,LKST264,Dehradun,Uttarakhand
LKST2650-Ghaziabad_Vasundhra sec 2c,LKST2650,Ghaziabad,Uttar Pradesh
LKST2651-Kolkata Barasat _Near More,LKST2651,Kolkata,West Bengal
LKST2652-Pune_Loni Kalbhor,LKST2652,Pune,Maharashtra
LKST2654-Mumbai_Vikhroli Kannamwar Nagar,LKST2654,Mumbai,Maharashtra
LKST2657-Ghaziabad_Shastri nagar,LKST2657,Ghaziabad,Uttar Pradesh
LKST2658-Coimbatore_Attur_Next to Indian Princess,LKST2658,Attur,Tamil Nadu
LKST2659-Bangalore_RMV nd Stage,LKST2659,Bengaluru,Karnataka
LKST265-Uttam Nagar Lenskart Store,LKST265,New Delhi,Delhi
LKST2660-Bhubneshwar_Sum hospital,LKST2660,Bhubaneswar,odisha
LKST2661-Mumbai_Churchgate Moti Mahal,LKST2661,Mumbai,Maharashtra
LKST2662-Bhubneshwar_KIIT road,LKST2662,Bhubaneswar,odisha
LKST2664-Gorakhpur_basti gandhi nagar,LKST2664,Gorakhpur,Uttar Pradesh
LKST2666-Bhubneshwar_Jaydev vihar,LKST2666,Bhubaneswar,odisha
LKST2667-Kaithal_Kurukshetra road,LKST2667,Kaitgal,Haryana
LKST2668-Bangalore_Munnekollal,LKST2668,Bengaluru,Karnataka
LKST2669-Varanasi_MA road,LKST2669,Varanasi,Uttar Pradesh
LKST266-Lenskart Indiranagar Store,LKST266,Bengaluru,Karnataka
LKST2670-Kanpur_shyam nagar,LKST2670,Kanpur,Uttar Pradesh
LKST2673-Mumbai_Mulund East,LKST2673,Mumbai,Maharashtra
LKST2674-Kolkata_Liluah,LKST2674,Howrah,West Bengal
LKST2675-Chennai_Naganallur MGR Road,LKST2675,Chennai,Tamil Nadu
LKST267-Chrompet Chennai Store,LKST267,Chennai,Tamil Nadu
LKST2681-Ahmedabad_New Gota,LKST2681,Ahmedabad,Gujarat
LKST2683-Bangalore DLF Akshaynagar 27,LKST2683,Bengaluru,Karnataka
LKST268-Gachibowli Hyderabad Store,LKST268,Hyderabad,Telangana
LKST2690-Phagwara_Banga rd,LKST2690,PHAGWARA,Punjab
LKST2691-Delhi_D Block Kirti Nagar,LKST2691,New Delhi,Delhi
LKST2701-Malda_PRM Centre Point Mall,LKST2701,Kolkata,West Bengal
LKST2703-Kolhapur_DYP mall,LKST2703,Kolhapur,Maharashtra
LKST2705-Purulia_N lake,LKST2705,Purulia,West Bengal
LKST2706-Hosur_Krishnagiri_PE,LKST2706,Hosur,Tamil Nadu
LKST2707-Bhopal_New Market 1,LKST2707,Bhopal,Madhya Pradesh
LKST2714-Mumbai_Thane_Dombivli West,LKST2714,Mumbai,Maharashtra
LKST2715-Mumbai_Thane_Palava City,LKST2715,Thane,Maharashtra
LKST271-Inorbit Mall Hyderabad Store,LKST271,Hyderabad,Telangana
LKST2727-Mumbai_Thane west jupiter hospital,LKST2727,Thane,Maharashtra
LKST2728-Navi Mumbai_Airoli,LKST2728,Mumbai,Maharashtra
LKST2729-Delhi_karawal nagar,LKST2729,New Delhi,Delhi
LKST272-Marol Mumbai Store,LKST272,Mumbai,Maharashtra
LKST2737-Coimbatore_Sathy Road_Near Prozone Mall,LKST2737,Coimbatore,Tamil Nadu
LKST2738-Faridabad_Sec 88,LKST2738,Faridabad,Haryana
LKST2739-Mysore_Kalidasa Rd,LKST2739,Mysore,Karnataka
LKST273-Inorbit Mall Vadodara Store,LKST273,Vadodara,Gujarat
LKST2741-Mysore kuvempunagar,LKST2741,Mysore,Karnataka
LKST274-Goregoan Store,LKST274,Mumbai,Maharashtra
LKST2750-Pune_Keshav Nagar,LKST2750,Pune,Maharashtra
LKST2752-Ahmedabad_NewChandkheda_TheLandmark,LKST2752,Ahmedabad,Gujarat
LKST2753-Madurai_Oddanchatiram_Texs,LKST2753,Oddanchatram,Tamil Nadu
LKST2755-Bhopal_Anand Nagar,LKST2755,Bhopal,Madhya Pradesh
LKST2756-Mehasana_Pilajigunj,LKST2756,Mehsana,Gujarat
LKST2758-NIBM Road,LKST2758,Pune,Maharashtra
LKST2764-Kolhapur_Satara,LKST2764,Satara,Maharashtra
LKST2765-Cuddalore_Manjakuppam_Nethaji Road,LKST2765,Cuddalore,Tamil Nadu
LKST2766-Coimbatore_Prozone Mall,LKST2766,Coimbatore,Tamil Nadu
LKST2767-Badaun_Civil lines,LKST2767,Badaun,Uttar Pradesh
LKST2768-Ballia_Okideaganj,LKST2768,Ballia,Uttar Pradesh
LKST2771-Hisar_PLA market,LKST2771,Hisar,Haryana
LKST2772-Roorkee_ganeshpur,LKST2772,Roorkee,Uttarakhand
LKST2773-Ahmedabad_Ghodasar,LKST2773,Ahmedabad,Gujarat
LKST2775-Mumbai_Mira Bhayander link rd,LKST2775,Thane,Maharashtra
LKST2778-Bhubaneswar_Khorda Opposite Apollo Pharmacy,LKST2778,khurdha,odisha
LKST2781-Aizwal_zarkawt,LKST2781,Aizawl,Mizoram
LKST2783-Chikhali Akurdi Rd,LKST2783,Pune,Maharashtra
LKST2791-Vadodara_Harni,LKST2791,Vadodara,Gujarat
LKST2795-Ayodhaya_Niyawan rd,LKST2795,Ayodhya,Uttar Pradesh
LKST279-Jubilee Hills Hyderabad Store,LKST279,Hyderabad,Telangana
LKST2802-Bardhaman_G.T Road,LKST2802,Bardhaman,West Bengal
LKST2804-Itanagar_ganga market,LKST2804,Guwahati,Assam
LKST2805-Kolkata_Ranaghat,LKST2805,Kolkata,West Bengal
LKST2806-Patna_PC colony,LKST2806,Patna,Bihar
LKST2808-Lucknow_Indiranagar,LKST2808,Lucknow,Uttar Pradesh
LKST2811-Coimbatore_Erode_Perundurai Road,LKST2811,Erode,Tamil Nadu
LKST2812-Hyderabad_Ayyappa Soc,LKST2812,Hyderabad,Telangana
LKST2813-Hyderabad_Medchal 87,LKST2813,Hyderabad,Telangana
LKST2814-Mysore_Urs Road,LKST2814,Mysore,Karnataka
LKST2815-Ahmedabad_Vaishnavdevi,LKST2815,Ahmedabad,Gujarat
LKST2817-Nagpur_Ramna Murti,LKST2817,Nagpur,Maharashtra
LKST2818-Pune_Lohegaon,LKST2818,Pune,Maharashtra
LKST2819-Uruli Kanchan,LKST2819,Pune,Maharashtra
LKST281-Habitat Center Ghaziabad Store,LKST281,Ghaziabad,Uttar Pradesh
LKST2821-Gurgaon_Satya The hive,LKST2821,Gurugram,Haryana
LKST2823-Bhatinda_Mall Road,LKST2823,Bathinda,Punjab
LKST2824-Lalganesh_Tiniali,LKST2824,Guwahati,Assam
LKST2825-Chandannagar_GT rd,LKST2825,Kolkata,West Bengal
LKST2826-Bhuneshwar_nandan kanan rd,LKST2826,Bhubaneswar,odisha
LKST2827-Hapur_Delhi road near S.S.V college,LKST2827,hapur,Uttar Pradesh
LKST2828-Varanasi_pandeypur,LKST2828,Varanasi,Uttar Pradesh
LKST2829-Dehradun_Saharanpur rd,LKST2829,Dehradun,Uttarakhand
LKST282-Mall Of India Noida Store,LKST282,Noida,Uttar Pradesh
LKST2831-Vadodara_Tarshali,LKST2831,Vadodara,Gujarat
LKST2832-JABALPUR_MEDICAL_COLLEGE_ROAD,LKST2832,Jabalpur,Madhya Pradesh
LKST2833-MH_Pune_Kaspate Vasti_Wakad,LKST2833,Pune,Maharashtra
LKST2835-Ranchi_H.B Road,LKST2835,Ranchi,Jharkhand
LKST283-Banaswadi Bangalore Store,LKST283,Bengaluru,Karnataka
LKST2841-Rourkela_Birsa rd,LKST2841,Rourkela,odisha
LKST2845-Mughalsarai_GT road,LKST2845,Mughalsarai,Uttar Pradesh
LKST2847-Tiruchengode_Sankagiri,LKST2847,Tiruchengode,Tamil Nadu
LKST2848-Jhansi_Sadar Bazaar,LKST2848,Jhansi,Uttar Pradesh
LKST284-Xperia Mall Dombivali store,LKST284,Mumbai,Maharashtra
LKST2853-Visakhapatnam_Visakhapatnam_Murali nagar 19,LKST2853,Visakhapatnam,Andhra Pradesh
LKST2854-Visakhapatnam_Visakhapatnam_Yendada 13,LKST2854,Visakhapatnam,Andhra Pradesh
LKST2855-Ahmedabad_Navanaroda_Goldenheight2,LKST2855,Ahmedabad,Gujarat
LKST2856-Durg_Station Road,LKST2856,Durg,Chhattisgarh
LKST2857-Nashik _Adgaon,LKST2857,Nashik,Maharashtra
LKST2858-Thergaon_Silver Crystal,LKST2858,Pune,Maharashtra
LKST2859-Surat_Limbayat,LKST2859,Surat,Gujarat
LKST285-Mukherjee Nagar Delhi Store,LKST285,New Delhi,Delhi
LKST2865-Lucknow_Crown mall,LKST2865,Lucknow,Uttar Pradesh
LKST2869-Samastipur_Gola rd,LKST2869,Patna,Bihar
LKST286-Royal Meenakshi Mall Store,LKST286,Bengaluru,Karnataka
LKST2870-Lucknow_Kathuta,LKST2870,Lucknow,Uttar Pradesh
LKST2871-Srinagar_Khanayar,LKST2871,Srinagar,Jammu & Kashmir
LKST2872-Srinagar_ Rajbagh,LKST2872,Srinagar,Jammu & Kashmir
LKST2873-Hubli_Deshpande Nagar,LKST2873,Hubli,Karnataka
LKST2874-Ambur_Bypass Road,LKST2874,Ambur,Tamil Nadu
LKST2875-Kolkata_kabrdanga,LKST2875,Kolkata,West Bengal
LKST2876-Arcot_Vellore Road,LKST2876,Arcot,Tamil Nadu
LKST2878-Ghaziabad_Sanjay Nagar,LKST2878,Ghaziabad,Uttar Pradesh
LKST2879-Opp.Bajaj Finserv_Barnala Rd_Sirsa,LKST2879,Sirsa,Haryana
LKST2881-Bangalore_Amruthahalli,LKST2881,Bengaluru,Karnataka
LKST2883-Bangalore_Yelahanka old town,LKST2883,Bengaluru,Karnataka
LKST2884-Rajkot_Kalawadroad,LKST2884,Rajkot,Gujarat
LKST2885-Ujjain_Subhash Nagar,LKST2885,Ujjain,Madhya Pradesh
LKST2886-Asansol_GT road,LKST2886,Asansol,West Bengal
LKST2887-Nashik_Deolali,LKST2887,Nashik,Maharashtra
LKST2888-Gorakhpur_Gorakhnath mandir,LKST2888,Gorakhpur,Uttar Pradesh
LKST2889-Gurdaspur_Jail rd,LKST2889,GURDASPUR,Punjab
LKST2890-Haridwar_Jwalapur_Station Road,LKST2890,HARIDWAR,Uttarakhand
LKST2892-Badnera road_Amravati,LKST2892,Amravati,Maharashtra
LKST2896-Patna_Patna City Beside V Mart,LKST2896,Patna,Bihar
LKST2897-Delhi_Mahavir Enclave-2,LKST2897,New Delhi,Delhi
LKST289-Shanthi Colony Store,LKST289,Chennai,Tamil Nadu
LKST2900-Vadodara_Gotri,LKST2900,Vadodara,Gujarat
LKST2901-Bangalore_Nagasandra 79,LKST2901,Bengaluru,Karnataka
LKST2903-Mumbai_Thane_Pokharan Road 2,LKST2903,Mumbai,Maharashtra
LKST2904-Pune_Marunji,LKST2904,Pune,Maharashtra
LKST291-Growell Mall Kandivali Store,LKST291,Mumbai,Maharashtra
LKST292-RMZ Mall Store,LKST292,Bengaluru,Karnataka
LKST293-HSR Layout Store,LKST293,Bengaluru,Karnataka
LKST294-SARJAPUR ROAD Store,LKST294,Bengaluru,Karnataka
LKST2967-Gokul Nagar_Vaarahi Complex,LKST2967,Pune,Maharashtra
LKST2968-Imphal_Singjamei_Near Jockey,LKST2968,Imphal,Manipur
LKST2969-Chennai_Madhavaram_MRH Road,LKST2969,Chennai,Tamil Nadu
LKST2970-Chennai_Kottivakkam,LKST2970,Chennai,Tamil Nadu
LKST2973-Kanpur_Indiranagar,LKST2973,Kanpur,Uttar Pradesh
LKST2974-Mumbai _Vashi Palm Beach Road,LKST2974,Mumbai,Maharashtra
LKST2975-Jaunpur_Varanasi,LKST2975,Jaunpur,Uttar Pradesh
LKST2976-Guwahati_Dharapur_Near Firstcry,LKST2976,Dharapur,Assam
LKST2980-Lucknow_Alambagh,LKST2980,Lucknow,Uttar Pradesh
LKST2981-Lucknow_Sarojini Nagar,LKST2981,Lucknow,Uttar Pradesh
LKST2982-Sultanpur_CivilLines,LKST2982,Sultanpur,Uttar Pradesh
LKST2983-Pune_BT Kawade Rd,LKST2983,Pune,Maharashtra
LKST2986-Madurai_Karaikudi_Sekkalai Road,LKST2986,Karaikudi,Tamil Nadu
LKST2987-Banglore_Kudlu gate,LKST2987,Bengaluru,Karnataka
LKST2989-Bhubaneswar_Nayapalli Opposite Titan Eye Plus,LKST2989,Bhubaneswar,odisha
LKST298-Inorbit Mall Vashi,LKST298,Mumbai,Maharashtra
LKST2991-Kolkata Santragachi Near Great Eastern,LKST2991,Howrah,West Bengal
LKST2992-Ankleshwar_Apple Plaza Park,LKST2992,Ankleshwar,Gujarat
LKST2993-Indore_AB Road,LKST2993,Indore,Madhya Pradesh
LKST2995-Surat_Udhana Magadalla road,LKST2995,Surat,Gujarat
LKST2996-Mumbai_Nalasopara East Central Park Road,LKST2996,Mumbai,Maharashtra
LKST2999-Gr Noida_India expo plaza,LKST2999,Noida,Uttar Pradesh
LKST299-Mumbai Airport Store,LKST299,Mumbai,Maharashtra
LKST3000-Moradabad_Ramganga Vihar,LKST3000,Moradabad,Uttar Pradesh
LKST3004-Ghaziabad_gyan khand,LKST3004,Ghaziabad,Uttar Pradesh
LKST3005-Mumbai_Thane_Khopat,LKST3005,Mumbai,Maharashtra
LKST3006-Mumbai_Vasai Ambadi Road,LKST3006,Mumbai,Maharashtra
LKST300-Infiniti Mall Malad Store,LKST300,Mumbai,Maharashtra
LKST3010-Chennai_Paruthipattu,LKST3010,Chennai,Tamil Nadu
LKST3011-Delhi_Vishnu Garden,LKST3011,Delhi,Delhi
LKST3013-Lucknow_Vikas Nagar,LKST3013,Lucknow,Uttar Pradesh
LKST3014-Bhubaneswar_Bapuji Nagar Near Raj Electronics,LKST3014,Bhubaneswar,odisha
LKST3015-Ara_Katira Opposite Chaturbhuj Hospital,LKST3015,Arrah,Bihar
LKST3017-Warje,LKST3017,Pune,Maharashtra
LKST3020-Chennai_Manivakkam_Mudichur Road,LKST3020,Chennai,Tamil Nadu
LKST3021-Bangalore_GM Infinity Road,LKST3021,Bengaluru,Karnataka
LKST3022-Delhi_Pandav Nagar,LKST3022,New Delhi,Delhi
LKST3024-Bhubaneswar_Niladari Vihar Beside Apollo Pharmacy,LKST3024,Bhubaneswar,odisha
LKST3027-Greater noida_Sarawati galleria,LKST3027,Greater Noida,Delhi
LKST3028-Mumbai_Virar New Viva College Road,LKST3028,Virar,Maharashtra
LKST3029-Ravet k town,LKST3029,Pune,Maharashtra
LKST302-LULU Mall Store,LKST302,Kochi,Kerala
LKST3031-Anand_Grid Cross Road,LKST3031,Anand,Gujarat
LKST3032-Surat_Bardoli_Cellista,LKST3032,Bardoli,Gujarat
LKST3033-Kohima_Main Market_Near Miniso,LKST3033,Kohima,Nagaland
LKST3034-Ranchi_Ratu Road,LKST3034,Ranchi,Jharkhand
LKST3037-Raebareli_Kutchery Road,LKST3037,Raebareli,Uttar Pradesh
LKST303-Nucleus Mall Ranchi Store,LKST303,Ranchi,Jharkhand
LKST3042-Visakhapatnam_Srikakulam palakonda Road 17,LKST3042,Srikakulam,Andhra Pradesh
LKST3043-Almora_Mall Road,LKST3043,Almora,Uttarakhand
LKST307-DB Mall Bhopal Store,LKST307,Bhopal,Madhya Pradesh
LKST309-Phoenix Market City Mall Pune,LKST309,Pune,Maharashtra
LKST310-Forum shantiniketan Store,LKST310,Bengaluru,Karnataka
LKST311-Crown Interiorz Faridabad Store,LKST311,Faridabad,Haryana
LKST312-VVIP Mall Ghaziabad,LKST312,Ghaziabad,Uttar Pradesh
LKST313-Prozone Mall Aurangabad,LKST313,Aurangabad,Maharashtra
LKST314-JP Nagar Store,LKST314,Bengaluru,Karnataka
LKST320-Good Earth Gurgaon Store,LKST320,Gurugram,Haryana
LKST321-Amritsar Mall,LKST321,Amritsar,Punjab
LKST324-Satara Road Pune Store,LKST324,Pune,Maharashtra
LKST325-City Center Mall Nasik,LKST325,Nashik,Maharashtra
LKST326-DN Regalia Bhubaneswar Store,LKST326,Bhubaneswar,odisha
LKST327-Mall Of Travancore Store,LKST327,Thiruvananthapuram,Kerala
LKST328-Banashankari 2 Store,LKST328,Bengaluru,Karnataka
LKST32-Aundh Pune Store,LKST32,Pune,Maharashtra
LKST331-Ashok Nagar Udaipur Store,LKST331,Udaipur,Rajasthan
LKST332-Mira Road Mumbai Store,LKST332,Mumbai,Maharashtra
LKST333-Mahagun Mart Store,LKST333,Noida,Uttar Pradesh
LKST334-Pimple Saudagar Pune Store,LKST334,Pune,Maharashtra
LKST335-Kirti Nagar Delhi,LKST335,New Delhi,Delhi
LKST336-MARINAMALL CHENNAI Store,LKST336,Chennai,Tamil Nadu
LKST337-Rajpura Road Dehradun,LKST337,Dehradun,Uttarakhand
LKST338-KAMANAHALLI2 Store,LKST338,Bengaluru,Karnataka
LKST339-Jaipur WTP Store,LKST339,Jaipur,Rajasthan
LKST341-KASAVANAHALLI SARJAPUR Store,LKST341,Bengaluru,Karnataka
LKST344-GIP Mall 2 Store,LKST344,Noida,Uttar Pradesh
LKST345-P&amp;amp;amp;amp;M Mall Jamshedpur,LKST345,Jamshedpur,Jharkhand
LKST346-MANIKONDA HYDERABAD Store,LKST346,Hyderabad,Telangana
LKST347-Korum Mall Thane Store,LKST347,Mumbai,Maharashtra
LKST348-electroniccity2 Bangalore,LKST348,Bengaluru,Karnataka
LKST350-Hulimavu Bangalore Store,LKST350,Bengaluru,Karnataka
LKST351-Ambience Mall Gurgaon Store,LKST351,Gurugram,Haryana
LKST352-Ambuja Mall Raipur,LKST352,Raipur,Chhattisgarh
LKST353-Kandivali Mumbai Store,LKST353,Mumbai,Maharashtra
LKST354-Pallikarnai Chennai Store,LKST354,Chennai,Tamil Nadu
LKST355-GSM MALL HYDERABAD Store,LKST355,Hyderabad,Telangana
LKST356-Junction Mall Durgapur Store,LKST356,Durgapur,West Bengal
LKST358-Sakchi Jamshedpur Store,LKST358,Jamshedpur,Jharkhand
LKST359-KPHB Colony,LKST359,Hyderabad,Telangana
LKST360-Vijayabank Layout Store,LKST360,Bengaluru,Karnataka
LKST361-BOMMANAHALLI Store,LKST361,Bengaluru,Karnataka
LKST364-Seawoods Grand Central Mall,LKST364,Mumbai,Maharashtra
LKST365-PUNE AVENUE 93,LKST365,Pune,Maharashtra
LKST368-Alpha one Ahmedabad Store,LKST368,Ahmedabad,Gujarat
LKST369-Westend Mall Pune Store,LKST369,Pune,Maharashtra
LKST371-Hinjawadi Pune Store,LKST371,Pune,Maharashtra
LKST373-Celebration Mall Udaipur Store,LKST373,Udaipur,Rajasthan
LKST374-vasundhara ghaziabad Store,LKST374,Ghaziabad,Uttar Pradesh
LKST377-Panaji Goa,LKST377,Panaji,Goa
LKST380-Gaur Mall Noida Store,LKST380,Greater Noida,Uttar Pradesh
LKST381-KANAKAPURA ROAD Store,LKST381,Bengaluru,Karnataka
LKST383-VARTHUR ROAD STORE,LKST383,Bengaluru,Karnataka
LKST384-Hazratganj Lucknow Store,LKST384,Lucknow,Uttar Pradesh
LKST386-UTKAL MALL BHUBANESWAR,LKST386,Bhubaneswar,odisha
LKST387-CITY CENTER MALL GUWAHATI,LKST387,Guwahati,Assam
LKST388-Shakespeare Sarani Store,LKST388,Kolkata,West Bengal
LKST389-LENSKART SASTHAMANGALAM,LKST389,Trivandrum,Kerala
LKST390-Kharadi Pune Storel,LKST390,Pune,Maharashtra
LKST391-Sapphire Mall Gurgaon,LKST391,Gurugram,Haryana
LKST392-Ludhiana_Malhar Rd,LKST392,Ludhiana,Punjab
LKST393-AVANI MALL KOLKATA STORE,LKST393,Hooghly,West Bengal
LKST394-LENSKART.COM KAKINADA STORE,LKST394,Kakinada,Andhra Pradesh
LKST397-Logix City Center Noida,LKST397,Noida,Uttar Pradesh
LKST398-ATRIA MALL MUMBAI,LKST398,Mumbai,Maharashtra
LKST400-FORUM NEIGHBOURHOOD MALL,LKST400,Bengaluru,Karnataka
LKST4010-Delhi_Indira Park,LKST4010,New Delhi,Delhi
LKST4013-Kerala_Nilambur,LKST4013,Edakkara,Kerala
LKST4018-Punawale_Kate Vasti,LKST4018,Pune,Maharashtra
LKST4019-Vadodara_Varasia Road,LKST4019,Vadodara,Gujarat
LKST4021-Haridwar_Shivalik Nagar,LKST4021,HARIDWAR,Uttarakhand
LKST4022-Hyderabad Serlingampally gachibowli road,LKST4022,Hyderabad,Telangana
LKST4024-Gopalganj_Kamlarai college road,LKST4024,Gopalganj,Bihar
LKST4025-Raniganj_Durgapur,LKST4025,Raniganj,West Bengal
LKST4026-Agra_MGRoad_Opposite_domino,LKST4026,Agra,Uttar Pradesh
LKST4027-Ghaziabad_Loni,LKST4027,Ghaziabad,Uttar Pradesh
LKST4028-Orai_Patel Nagar,LKST4028,Orai,Uttar Pradesh
LKST402-FORUM KOROMANGLA,LKST402,Bengaluru,Karnataka
LKST4031-Panipath_Model Town_Adjoining Nykaa,LKST4031,Panipat,Haryana
LKST4032-Prayagraj_Zero Road,LKST4032,Prayagraj,Uttar Pradesh
LKST4033-Betul_Ganj Road,LKST4033,Betul,Madhya Pradesh
LKST4034-Mumbai_Andheri East_Near Station,LKST4034,Mumbai,Maharashtra
LKST4036-Pune_Kesnand Rd,LKST4036,Pune,Maharashtra
LKST4037-Rajkot_Punit Nagar,LKST4037,Rajkot,Gujarat
LKST4038-Vadodara_Raopura_Shiv,LKST4038,Vadodara,Gujarat
LKST403-FORUM FIZA MALL,LKST403,Mangalore,Karnataka
LKST4040-Mangaluru_Forum Fiza Mall,LKST4040,Mangalore,Karnataka
LKST4041-Bangalore_Phoenix Marketcity,LKST4041,Bengaluru,Karnataka
LKST4043-Jhargram,LKST4043,Jhargram,West Bengal
LKST4044-Sitamarhi_DumraRoad,LKST4044,Sitamarhi,Bihar
LKST4045-Madhubani_Bata Chowk,LKST4045,Madhubani,Bihar
LKST4046-Delhi_Mukhiya Market,LKST4046,New Delhi,Delhi
LKST4047-Robertsganj_Civil Lines,LKST4047,Robertsganj,Uttar Pradesh
LKST404-Nexus Vijaya Mall,LKST404,Chennai,Tamil Nadu
LKST4050-Greater noida_Jagatfarm,LKST4050,Greater Noida,Uttar Pradesh
LKST4053-Kerala_Manjeri_Calicut Road,LKST4053,Manjeri,Kerala
LKST4054-Palladam_Trichy Road,LKST4054,Palladam,Tamil Nadu
LKST4055-Visakhapatnam_Sheelanagar,LKST4055,Visakhapatnam,Andhra Pradesh
LKST4056-Ahmedabad_Palanpur_s9,LKST4056,Palanpur,Gujarat
LKST4057-Mumbai_Boisar East Opposite Tata Housing,LKST4057,Virar,Maharashtra
LKST4058-Surat_Chikhali_Bus stand road,LKST4058,Surat,Gujarat
LKST4059-Pune_Shastri Nagar,LKST4059,Pune,Maharashtra
LKST4060-Rajkot_Ambica Township_suvarnbhumi,LKST4060,Rajkot,Gujarat
LKST4061-Surat_bilimora_chikhali road,LKST4061,Navsari,Gujarat
LKST4062-CUTTACK_CDA 6 OPPOSITE MIO AMORE,LKST4062,Cuttack,odisha
LKST4063-Durgapur Benachity Near Reliance Digital,LKST4063,Durgapur,West Bengal
LKST4064-Golaghat_Near Hanuman Mandir,LKST4064,Golaghat,Assam
LKST4065-Jamalpur_Gayatri Nagar,LKST4065,Jamalpur,Bihar
LKST4066-Saharsa_Purab Bazar,LKST4066,Saharsha,Bihar
LKST4067-Suri_Durgapur,LKST4067,Suri,West Bengal
LKST4068-Auraiya_Kanpur Road,LKST4068,Auraiya,Uttar Pradesh
LKST406-RANGOLI MALL KOLKATA,LKST406,Hooghly,West Bengal
LKST4071-Delhi_Hari Nagar,LKST4071,New Delhi,Delhi
LKST4073-Nagashettyhalli RMV Extension Stage 2,LKST4073,Bengaluru,Karnataka
LKST4075-Kerala_Thrissur_Chalakkudi7,LKST4075,Adimali,Kerala
LKST4077-Ahmedabad_Godhara_dahod road,LKST4077,Vadodara,Gujarat
LKST4080-CBD Belapur_Near Station,LKST4080,Mumbai,Maharashtra
LKST4081-Mumbai Thane Tembhi Naka,LKST4081,Mumbai,Maharashtra
LKST4083-Pune_Triveni Nagar,LKST4083,Pune,Maharashtra
LKST4084-Mumbai Thane Palegaon,LKST4084,Thane,Maharashtra
LKST4089-Chapra_Bagwan Bazaar,LKST4089,Chapra,Bihar
LKST408-PACIFIC MALL DWARKA,LKST408,New Delhi,Delhi
LKST4091-Delhi_C block Yamuna Vihar,LKST4091,Delhi,Delhi
LKST4094-Rajasthan_Udaipur sector 14,LKST4094,Udaipur,Rajasthan
LKST4095-Ahmedabad_Narol_vatva road,LKST4095,Ahmedabad,Gujarat
LKST4096-Guna_Adjacent to COBB_AB Road,LKST4096,Guna,Madhya Pradesh
LKST4097-Shivpuri_A.B.Road,LKST4097,Shivpuri,Madhya Pradesh
LKST409-VEGUS MALL LENSKART,LKST409,New Delhi,Delhi
LKST4100-Mumbai _Thane_Kalwa West,LKST4100,Mumbai,Maharashtra
LKST4105-Hyderabad_Warangal_Subedari Hanamkonda,LKST4105,Hyderabad,Telangana
LKST4107-Balaghat_Hanuman Chowk,LKST4107,Balaghat,Madhya Pradesh
LKST4108-Delhi_Devli Rd Khanpur,LKST4108,New Delhi,Delhi
LKST4110-Gajraula_Railway Station Road_Budh Bazaar,LKST4110,Gajraula,Uttar Pradesh
LKST4111-Udaipur_old fatehpura,LKST4111,Udaipur,Rajasthan
LKST4113-Hyderabad_Jangaon_Bus stand road jangaon,LKST4113,Hyderabad,Telangana
LKST4114-Bangalore_Koramangala 2,LKST4114,Bengaluru,Karnataka
LKST4116-Chhatarpur_Apollo crossroad,LKST4116,Chhatarpur,Madhya Pradesh
LKST4117-Mumbai_Dahisar East Ashokvan,LKST4117,Mumbai,Maharashtra
LKST4119-Nashik_Jail Road_Near Central Jail,LKST4119,Nashik,Maharashtra
LKST4120-Pune_Baner Pan Card Club Rd,LKST4120,Pune,Maharashtra
LKST4124-Kurseong,LKST4124,Kurseong,West Bengal
LKST4125-Dhenkanal_Ganesh Bazar,LKST4125,Dhenkanal,odisha
LKST4127-Kendrapara_Tinimuhani,LKST4127,Kendrapda,odisha
LKST4129-Bettiah_SupriyaCinema Road,LKST4129,Bettiah,Bihar
LKST4130-Ludhiana_Sunder Nagar,LKST4130,Ludhiana,Punjab
LKST4133-Raxaul_MainRoad,LKST4133,Raxaul,Bihar
LKST4134-Sheikhpura_VIP Road,LKST4134,Sheikhpura,Bihar
LKST4135-TAMLUK MANIKTALA,LKST4135,Tamluk,West Bengal
LKST4138-Rajasthan_Bharatpur,LKST4138,bharatpur,Rajasthan
LKST4139-Thandi Sarak_Malerkotla,LKST4139,Malerkotla,Punjab
LKST413-ANANT NAGAR BANGLORE,LKST413,Bengaluru,Karnataka
LKST4140-Chennai_Selaiyur_Velachery Main Road,LKST4140,Chennai,Tamil Nadu
"LKST4141-Vijayawada_Amaravati_Auto Nagar, Mangalagiri",LKST4141,Mangalagiri,Andhra Pradesh
"LKST4142-Vijayawada_Tadepalligudem_MVR Road, Ambedkar Nagar",LKST4142,Tadepalligudem,Andhra Pradesh
LKST4145-Mumbai_Vasai West_Manickpur,LKST4145,Mumbai,Maharashtra
LKST4146-Mumbai Thane Anand Nagar,LKST4146,Thane,Maharashtra
LKST4147-Itarsi_Suraj Ganj,LKST4147,Itarsi,Madhya Pradesh
LKST4148-Ahamadnagar_Pipeline Rd,LKST4148,Aurangabad,Maharashtra
LKST414-KOROMANGLA BANGLORE,LKST414,Bengaluru,Karnataka
LKST4150-Ahmedabad_Kadi_Tanishq,LKST4150,Kadi,Gujarat
LKST4151-Amreli_Bus stand,LKST4151,Amreli,Gujarat
LKST4152-Hoshangabad_Kothi Bazar,LKST4152,Hoshangabad,Madhya Pradesh
LKST4157-Prayagraj_S P Marg near Subhash Chowk,LKST4157,Prayagraj,Uttar Pradesh
LKST4161-Bangalore_KR Road Hoskote,LKST4161,Bengaluru,Karnataka
LKST4162-Bangalore_Padmanabhanagar,LKST4162,Bengaluru,Karnataka
LKST4163-Mangalore_Chikkamagaluru,LKST4163,Chikamagalur,Karnataka
LKST4164-Coimbatore_Ganapathy_Sathy Road,LKST4164,Coimbatore,Tamil Nadu
LKST4165-Visakhapatnam_PM Palem,LKST4165,Visakhapatnam,Andhra Pradesh
LKST4166-Hyderabad_Hyderabad_Shankarpalle,LKST4166,Shankarpalle,Telangana
LKST4168-Shahdol_Burhar Road,LKST4168,Shahdol,Madhya Pradesh
LKST4170-Mumbai_Mahim-Palghar Road,LKST4170,Virar,Maharashtra
LKST4171-Ahmedabad_Botad,LKST4171,Botad,Gujarat
LKST4172-Vadodara_Atladra,LKST4172,Vadodara,Gujarat
LKST4173-Bokaro Mall,LKST4173,Bokaro,Jharkhand
LKST4174-Supual_GandhiMaidan,LKST4174,Supaul,Bihar
LKST4175-Bahraich_Civil Lines,LKST4175,Ayodhya,Uttar Pradesh
LKST4176-Panchkula_Sector 25,LKST4176,Panchkula,Haryana
LKST4177-Hubli_Haveri,LKST4177,Haveri,Karnataka
LKST4178-Bangalore_Virgonagar,LKST4178,Bengaluru,Karnataka
LKST4181-Bhubaneswar_Aerodrome,LKST4181,Bhubaneswar,odisha
LKST4183-Nizamabad_Telangana,LKST4183,Nizamabad,Telangana
LKST4184-Vidyanagar_KOTHAGUDEM,LKST4184,Bhadradri Kothagudem,Telangana
LKST4185-Udalguri_Golma Chowk_Near 1 India Mart,LKST4185,Guwahati,Assam
LKST4186-Delhi_Jangpura_Extension,LKST4186,New Delhi,Delhi
LKST418-ECR CHENNAI,LKST418,Chennai,Tamil Nadu
LKST4194-Mumbai_Byculla East_Dr Ambedkar Road,LKST4194,Mumbai,Maharashtra
LKST4195-Lakhisarai_Purani Bazaar,LKST4195,Luckeesarai,Bihar
LKST4196-Daltenganj,LKST4196,Daltonganj,Jharkhand
LKST4199-Unnao_Opp._OLA,LKST4199,Unnao,Uttar Pradesh
LKST4201-Chennai_Alwarpet_TTK Road,LKST4201,Chennai,Tamil Nadu
"LKST4202-Anantha Nagar Road, Electronic City",LKST4202,Bengaluru,Karnataka
LKST4204-Westend Mall_Janakpuri_New Delhi,LKST4204,Delhi,Delhi
LKST4205-Maharajganj_ Pharenda Road,LKST4205,Mahrajganj,Uttar Pradesh
LKST420-DSL MALL HYDERABAD,LKST420,Hyderabad,Telangana
LKST4210-Mallampet Main Road,LKST4210,Hyderabad,Telangana
LKST4211-Raiganj,LKST4211,Raiganj,West Bengal
LKST4215-Jagatsinghpur_BCM market complex,LKST4215,Jagatsinghpur,odisha
LKST4216-Rajkot_Gandhidham_Janda chowk,LKST4216,Gandhidham,Gujarat
LKST4217-Navi Mumbai_Ulwe_Near Croma,LKST4217,Mumbai,Maharashtra
LKST4219-Jalna_Shivaji Maharaj Chowk,LKST4219,Aurangabad,Maharashtra
LKST421-ELPRO MALL PUNE,LKST421,Pune,Maharashtra
LKST4220-Shirdi_Near Starbucks,LKST4220,Nashik,Maharashtra
LKST4224-Surat_Ramnagar,LKST4224,Surat,Gujarat
LKST4225-Ayodhyay_ Naka Chungi,LKST4225,Ayodhya,Uttar Pradesh
LKST4227-Chandausi_Shakti nagar,LKST4227,CHANDAUSI,Uttar Pradesh
"LKST4228-Balasore_Viveka Nanda Marg, Manikhamb",LKST4228,Balasore,odisha
LKST4229-Lohardaga,LKST4229,Lohardagga,Jharkhand
LKST422-HARMU ROAD RANCHI,LKST422,Ranchi,Jharkhand
"LKST4230-Coorg Centre, Madikeri",LKST4230,Madikeri,Karnataka
LKST4231-South 4_Mangalore (12/17)_Hassan (2/3)_Salagame Rd,LKST4231,Hassan,Karnataka
LKST4237-Amritsar_Firozpur_Cantonment,LKST4237,FEROZPUR,Punjab
LKST4238-East Delhi Mall_Kaushambi,LKST4238,Ghaziabad,Uttar Pradesh
LKST423-KAMLA NAGAR DELHI,LKST423,New Delhi,Delhi
LKST4240-Bageshwar_almora road,LKST4240,Bageshwar,Uttarakhand
LKST4243-Ghazipur_Lanka Varanasi Road,LKST4243,Ghazipur,Uttar Pradesh
LKST4246-Ichalkaranji_Sharda Complex,LKST4246,Ichalkaranji,Maharashtra
LKST424-LINKING ROAD MUMBAI,LKST424,Mumbai,Maharashtra
LKST4251-Surat_Piplod,LKST4251,Surat,Gujarat
LKST4253-Kochi_Vazhakkala_Civil Line Road,LKST4253,Kochi,Kerala
LKST4254-South 3_Tirupati (5)_Kadapa Apsara circle Road,LKST4254,Kadapa,Andhra Pradesh
LKST4258-Vadodara_Waghodia water tank road,LKST4258,Vadodara,Gujarat
LKST425-BELAPUR MUMBAI,LKST425,Mumbai,Maharashtra
LKST4260-Alok city mall raigard,LKST4260,Raigarh,Chhattisgarh
LKST4264-Bhilwara_Dangi factory,LKST4264,Bhilwara,Rajasthan
LKST4266-Agea_ Anthela Street_Avas Vikas Colony,LKST4266,Agra,Uttar Pradesh
LKST4269-PD City Mall Padrauna Kushinagar,LKST4269,Kushi Nagar,Uttar Pradesh
LKST4271-Kerala_Trivandrum_Pothencode,LKST4271,Trivandrum,Kerala
LKST4272-Visakhapatnam_Vizianagaram,LKST4272,vizianagaram,Andhra Pradesh
LKST4273-Visakhapatnam_Mohini Cinemas,LKST4273,Visakhapatnam,Andhra Pradesh
LKST4276-Hyderabad_Hyderabad_Sanathnagar,LKST4276,Hyderabad,Telangana
LKST4277-Chennai_Thiruvallur_Kakkalur Bypass,LKST4277,Chennai,Tamil Nadu
LKST4279-Ferozpur_Punjab (FOFO to COCO),LKST4279,FEROZPUR,Punjab
LKST427-KAISER BAGH LUCKNOW,LKST427,Lucknow,Uttar Pradesh
LKST4287-Narsingi_Puppalaguda Road,LKST4287,Hyderabad,Telangana
LKST4289-Amaravati_Moghalrajpuram,LKST4289,Vijayawada,Andhra Pradesh
LKST428-Phoenix Lucknow,LKST428,Lucknow,Uttar Pradesh
LKST4296-K K Tower,LKST4296,Ranebennur,Karnataka
LKST429-GARUDA MALL BANGLORE,LKST429,Bengaluru,Karnataka
LKST4303-Narasaraopet_Chilakaluripet Road,LKST4303,Narasaraopet,Andhra Pradesh
LKST4304-Kolkata Kalindi,LKST4304,Kolkata,West Bengal
LKST4307-Bhubaneswar_Indira Colony,LKST4307,Bhubaneswar,odisha
LKST430-MIRA ROAD 2 MUMBAI,LKST430,Mumbai,Maharashtra
LKST4311-Near IBO,LKST4311,Bengaluru,Karnataka
"LKST4312-BN Reddy Road, Teachers Colony",LKST4312,Hyderabad,Telangana
LKST4315-Bharuch_Tavra,LKST4315,BHARUCH,Gujarat
LKST4316-Rajnandgaon blackberry,LKST4316,Rajnandgaon,Chhattisgarh
LKST4317-Bhopal_Galla Mandi_Bhanpur,LKST4317,Bhopal,Madhya Pradesh
LKST431-CHENNAI THORIPAKKAM,LKST431,Chennai,Tamil Nadu
LKST4320-Nanded_Bhagya Nagar Rd,LKST4320,Aurangabad,Maharashtra
LKST4321-Gorakhpur_Medical Road Opp V Mart,LKST4321,Gorakhpur,Uttar Pradesh
LKST4322-Bareilly_Karamchari Nagar Road,LKST4322,BAREILLY,Uttar Pradesh
LKST4328-Sriganganagar_Gaushala road,LKST4328,Sri Ganganagar,Rajasthan
LKST4337-Rori Bazar_Sirsa,LKST4337,Sirsa,Haryana
LKST4339-Pune_ Kharadi Nyati Plaza,LKST4339,Pune,Maharashtra
LKST433-PIMPLE SAUDAGAR PUNE,LKST433,Pune,Maharashtra
LKST4346-Pushpvihar_Delhi,LKST4346,New Delhi,Delhi
LKST4347-Bajpur_ramnagar road,LKST4347,Bazpur,Uttarakhand
LKST434-ORION MALL PANVEL,LKST434,Mumbai,Maharashtra
LKST4350-Rampur_kothi khas bagh road,LKST4350,BAREILLY,Uttar Pradesh
LKST4352-Rourkela_Civil Township,LKST4352,Rourkela,odisha
LKST435-DOWNTOWN MALL KOLKATA,LKST435,Kolkata,West Bengal
LKST4366-Beside Lassi Shop_Raghavendra colony_Nagarkurnool,LKST4366,Nagarkurnool,Telangana
LKST4369-Chandigarh_kharar_landran_rd,LKST4369,Kharar,Punjab
LKST4372-Grand Trunk Rd_Fatehabad,LKST4372,Fatehabad,Haryana
LKST4385-Tuni_Pentakota Road,LKST4385,Tuni,Andhra Pradesh
LKST4392-Shahjahanpur_Officers Colony,LKST4392,Shahjahanpur,Uttar Pradesh
LKST439-GRAND VENICE MALL,LKST439,Greater Noida,Uttar Pradesh
LKST440-OBEROI MALL MUMBAI,LKST440,Mumbai,Maharashtra
LKST442-PERAMBUR CHENNAI,LKST442,Chennai,Tamil Nadu
LKST444-KOLKATA DHAKURIA,LKST444,Kolkata,West Bengal
LKST445-Karyanchavadi Chennai,LKST445,Chennai,Tamil Nadu
LKST447-Brigade Orion Mall_Blr,LKST447,Bengaluru,Karnataka
LKST452-Gurgaon_sec 14(FO),LKST452,Gurugram,Haryana
LKST453-Hyd_Banjara hills,LKST453,Hyderabad,Telangana
LKST455-Anand_Gujarat,LKST455,Anand,Gujarat
LKST456-Marathalli_new,LKST456,Bengaluru,Karnataka
LKST457-Jail Rd_New Delhi_Gurudwara Saab,LKST457,New Delhi,Delhi
LKST461-Blr_Vijayanagar,LKST461,Bengaluru,Karnataka
LKST464-Mulund,LKST464,Mumbai,Maharashtra
LKST465-Chennai_Keelkattalai,LKST465,Chennai,Tamil Nadu
LKST466-Pune_ Kalyani Nagar,LKST466,Pune,Maharashtra
LKST467-Dumdum Road,LKST467,Kolkata,West Bengal
LKST468-Bangalore_Lulu Global Mall,LKST468,Bengaluru,Karnataka
LKST473-Hyd _Diamond hills,LKST473,Hyderabad,Telangana
LKST474-Kolkata_CIT Road,LKST474,Kolkata,West Bengal
LKST477-Blr_Ganga nagar,LKST477,Bengaluru,Karnataka
LKST479-Silguri_Cosmos Mall,LKST479,Siliguri,West Bengal
LKST480-Pandri Road,LKST480,Raipur,Chhattisgarh
LKST481-Pune_JM Road,LKST481,Pune,Maharashtra
LKST482-Delhi_Malviya nagar,LKST482,New Delhi,Delhi
LKST486-Reach Mall,LKST486,Gurugram,Haryana
LKST487-Blr_CMH Rd,LKST487,Bengaluru,Karnataka
LKST490-Rajkot_Yagnik Rd,LKST490,Rajkot,Gujarat
LKST492-Kochi_MG Rd,LKST492,Kochi,Kerala
LKST494-Kolkata_Gora Bazar,LKST494,Kolkata,West Bengal
LKST495-Elgin Road,LKST495,Kolkata,West Bengal
LKST496-Hyderabad_Somajiguda,LKST496,Hyderabad,Telangana
LKST498-Bangalore _HSR Layout 24th,LKST498,Bengaluru,Karnataka
LKST499-Mumbai_Metro Junction Mall,LKST499,Mumbai,Maharashtra
LKST500-Hyderabad_Financial distt.,LKST500,Hyderabad,Telangana
LKST502-Jaipur_Raja Park,LKST502,Jaipur,Rajasthan
LKST505-Hyd_Pragati Nagar,LKST505,Hyderabad,Telangana
LKST506-Kolkata_Jadavpur (CCD),LKST506,Kolkata,West Bengal
LKST507-Kol_Naktala,LKST507,Kolkata,West Bengal
LKST508-Kol_Narendrapur,LKST508,Kolkata,West Bengal
LKST50-Lajpat Nagar Delhi,LKST50,New Delhi,Delhi
LKST510-Mumbai_Kharghar,LKST510,Mumbai,Maharashtra
LKST511-Blr_Coles Rd,LKST511,Bengaluru,Karnataka
LKST512-Blr_Harlur,LKST512,Bengaluru,Karnataka
LKST513-Blr_Ramamurthy,LKST513,Bengaluru,Karnataka
LKST515-Mumbai_Koperkharine,LKST515,Mumbai,Maharashtra
LKST519-New Delhi_Pacific Mall_Subash nagar,LKST519,New Delhi,Delhi
LKST520-Chennai_Palavaram,LKST520,Chennai,Tamil Nadu
LKST522-Coimbatore_Thudiyalur,LKST522,Coimbatore,Tamil Nadu
LKST526-Mumbai_Phadke Rd Dombivali East,LKST526,Mumbai,Maharashtra
LKST527-Allahabad_SP Marg,LKST527,Prayagraj,Uttar Pradesh
LKST529-Goa_MG Rd,LKST529,Panaji,Goa
LKST52-SV Road Mumbai Store,LKST52,Mumbai,Maharashtra
LKST530-Faridabad_Charmswood,LKST530,Faridabad,Haryana
LKST534-Blr_Jayanagar 3rd Block,LKST534,Bengaluru,Karnataka
LKST538-Thane_Nitin company,LKST538,Mumbai,Maharashtra
LKST539-Surat_Adajan,LKST539,Surat,Gujarat
LKST53-Vashi Mumbai Store,LKST53,Mumbai,Maharashtra
LKST540-Kol_Santoshpur,LKST540,Kolkata,West Bengal
LKST544-Vizag_Dwarkanagar,LKST544,Visakhapatnam,Andhra Pradesh
LKST546-Kochi_Oberon Mall,LKST546,Kochi,Kerala
LKST547-Pune_OCWakad,LKST547,Pune,Maharashtra
LKST555-Dilsukh nagar,LKST555,Hyderabad,Telangana
LKST55-Banjara Hills Hyderabad Store,LKST55,Hyderabad,Telangana
LKST561-Mumbai_Seawoods high-street,LKST561,Mumbai,Maharashtra
LKST563-Blr_New Bel Road,LKST563,Bengaluru,Karnataka
LKST565-Hyd_Madinaguda,LKST565,Hyderabad,Telangana
"LKST566-LULU Mall, Lucknow",LKST566,Lucknow,Uttar Pradesh
LKST56-Thane Mumbai Store,LKST56,Mumbai,Maharashtra
LKST574-Hyderabad_Kukatpally BJP Office,LKST574,Hyderabad,Telangana
LKST576-Mogappair - Spartan school road,LKST576,Chennai,Tamil Nadu
LKST578-Dasarahalli_Bangalore,LKST578,Bengaluru,Karnataka
LKST58-janakpuri delhi store,LKST58,New Delhi,Delhi
LKST590-Chennai_Gowrivakkam,LKST590,Chennai,Tamil Nadu
LKST593-Kamothe,LKST593,Mumbai,Maharashtra
LKST595-Chennai_Iypanthanyapgal,LKST595,Chennai,Tamil Nadu
LKST596-Ayyappanagar,LKST596,Bengaluru,Karnataka
LKST597-Jodhpur Char Rasta,LKST597,Ahmedabad,Gujarat
LKST599-Trivandrum_MG Road,LKST599,Trivandrum,Kerala
LKST59-Connaught Place Delhi Store,LKST59,New Delhi,Delhi
LKST600-Bangalore_Indiranagar,LKST600,Bengaluru,Karnataka
LKST601-Malleswaram,LKST601,Bengaluru,Karnataka
LKST602-Chennai_Medavakkam,LKST602,Chennai,Tamil Nadu
LKST604-Hyderabad_Nallagandla,LKST604,Hyderabad,Telangana
LKST605-Vasai Virar Nalasopara,LKST605,Palghar,Maharashtra
LKST607-Mahavir Enclave,LKST607,New Delhi,Delhi
LKST609-Bangalore_Hanumanth Nagar_Girinagar Road,LKST609,Bengaluru,Karnataka
LKST610-Chennai_Avadi- MTH road,LKST610,Chennai,Tamil Nadu
LKST613-Coimbatore_Ramanathapuram,LKST613,Coimbatore,Tamil Nadu
LKST615-Chennai_Saligraman Arcot road,LKST615,Chennai,Tamil Nadu
LKST617-Chennai_Maraimalai Nagar,LKST617,Chennai,Tamil Nadu
LKST618-Vadodara_Manjalpur,LKST618,Vadodara,Gujarat
LKST619-Bangalore_Bellandur Nagar,LKST619,Bengaluru,Karnataka
LKST620-Lucknow_Gomti Nagar 2,LKST620,Lucknow,Uttar Pradesh
LKST621-Mumbai_Hollywood optician_Bail Bazar,LKST621,Mumbai,Maharashtra
LKST622-Mumbai_Borivali Pepe Jeans,LKST622,Mumbai,Maharashtra
LKST627-Guwahati_Rehabari Road,LKST627,Guwahati,Assam
LKST629-Bangalore_Channasandra,LKST629,Bengaluru,Karnataka
LKST62-Borivali Mumbai Store,LKST62,Mumbai,Maharashtra
LKST634-Chennai_Mudichur Rd,LKST634,Chennai,Tamil Nadu
LKST638-Bangalore_Vignan Nagar,LKST638,Bengaluru,Karnataka
LKST639-Vadodara_Karelibaug,LKST639,Vadodara,Gujarat
LKST63-Tolly Ganj kolkata Store,LKST63,Kolkata,West Bengal
LKST645-Kolkata_Gariahat,LKST645,Kolkata,West Bengal
LKST646-New Delhi_Laxmi Nagar,LKST646,New Delhi,Delhi
LKST647-Hyderabad_Botanical,LKST647,Hyderabad,Telangana
LKST648-Hyderabad_Himayatnagar,LKST648,Hyderabad,Telangana
LKST649-Vijayawada_Eluru Road,LKST649,Vijayawada,Andhra Pradesh
LKST64-MGF Metropolitan Gurgaon Store,LKST64,Gurugram,Haryana
LKST650-Chennai_Guduvancherry GST road,LKST650,Chennai,Tamil Nadu
LKST651-Trichy_Karur Bypass road,LKST651,Tiruchirappalli,Tamil Nadu
LKST654-Coimbatore_Avinashi road,LKST654,Coimbatore,Tamil Nadu
LKST656-Trichy_Cantt.,LKST656,Tiruchirappalli,Tamil Nadu
LKST657-Chennai_Red Hills,LKST657,Chennai,Tamil Nadu
LKST658-Chennai_Porur Arcot road,LKST658,Chennai,Tamil Nadu
LKST660-Indiranagar Bangalore,LKST660,Bengaluru,Karnataka
LKST662-Bangalore_Basaveshwar Nagar,LKST662,Bengaluru,Karnataka
LKST664-Mumbai_Juhu tara Rd,LKST664,Mumbai,Maharashtra
LKST665-Bangalore_Nagarbhavi_Ullal Road,LKST665,Bengaluru,Karnataka
LKST668-Pune_Warje,LKST668,Pune,Maharashtra
LKST671-Mumbai_Santacruz W (Dheeraj heritage),LKST671,Mumbai,Maharashtra
LKST675-Jamshedpur_Bistupur,LKST675,Jamshedpur,Jharkhand
LKST676-Chennai_Besanth Nagar,LKST676,Chennai,Tamil Nadu
LKST677-Mumbai_Kalamboli,LKST677,Mumbai,Maharashtra
LKST678-Chennai_Periyar nagar,LKST678,Chennai,Tamil Nadu
LKST679-Kochi_Angamaly,LKST679,Angamaly,Kerala
LKST680-Bangalore_Sahakarnagar,LKST680,Bengaluru,Karnataka
LKST681-Ghaziabad_Indirapuram,LKST681,Ghaziabad,Uttar Pradesh
LKST682-New Delhi_Kalkaji,LKST682,New Delhi,Delhi
LKST683-Hyderabad_West marredpally,LKST683,Hyderabad,Telangana
LKST684-New Delhi_SDA Market,LKST684,New Delhi,Delhi
LKST685-Hyderabad_BHEL Chanda Nagar (Adidas),LKST685,Hyderabad,Telangana
LKST687-Chennai_Tambaram,LKST687,Chennai,Tamil Nadu
LKST691-Lucknow_Mahanagar  Gole market,LKST691,Lucknow,Uttar Pradesh
LKST692-New Delhi_Durgapuri,LKST692,New Delhi,Delhi
LKST693-Calicut_Thamarassery,LKST693,Thamarassery,Kerala
LKST694-Kolkata_Teghoria,LKST694,Kolkata,West Bengal
LKST695-Guwahati_Ulubari,LKST695,Guwahati,Assam
LKST697-Chennai_Perungudi OMR,LKST697,Chennai,Tamil Nadu
LKST698-Ahmedabad_Ranip,LKST698,Ahmedabad,Gujarat
LKST699-Madurai_West Masi street,LKST699,Madurai,Tamil Nadu
LKST69-Chembur Mumbai Store,LKST69,Mumbai,Maharashtra
LKST701-Mumbai Vile Parle east,LKST701,Mumbai,Maharashtra
LKST702-Dehradun_Ballupur Road,LKST702,Dehradun,Uttarakhand
LKST704-Kolkata_Birati,LKST704,Kolkata,West Bengal
LKST705-Lucknow_Ashiyana,LKST705,Lucknow,Uttar Pradesh
LKST706-Chennai_Ambedkar road,LKST706,Chennai,Tamil Nadu
LKST707-Chandigarh_Sector 19 C,LKST707,Chandigarh,Chandigarh
LKST70-Dwarka Sec 12 Delhi Store,LKST70,New Delhi,Delhi
LKST711-Cochin_Pallarivattom - Edappally Road,LKST711,Kochi,Kerala
LKST713-Chennai_Kolathur,LKST713,Chennai,Tamil Nadu
LKST714-Noida_sector 76 Amrapali,LKST714,Noida,Uttar Pradesh
LKST715-Chennai_Selaiyur Aagaram Main Road,LKST715,Chennai,Tamil Nadu
LKST717-Trivandrum_GH Palayam,LKST717,Thiruvananthapuram,Kerala
LKST718-Hyderabad_LB Nagar,LKST718,Hyderabad,Telangana
LKST719-Mumbai_Kharghar (Crown plaza),LKST719,Mumbai,Maharashtra
LKST71-Alaknanda Market Delhi Store,LKST71,New Delhi,Delhi
LKST720-Bangalore_Baglur,LKST720,Bengaluru,Karnataka
LKST722-Hyderabad_Patancheruvu,LKST722,Hyderabad,Telangana
LKST723-New Delhi_Amar colony,LKST723,New Delhi,Delhi
LKST724-Lucknow_Jankipuram,LKST724,Lucknow,Uttar Pradesh
LKST725-Mumbai_Mira road Star bazar,LKST725,Mumbai,Maharashtra
LKST727-New Delhi_Yusuf Sarai,LKST727,New Delhi,Delhi
LKST728-Coimbatore_TV Swamy road,LKST728,Coimbatore,Tamil Nadu
LKST72-Elante Mall Chandigarh Store,LKST72,Chandigarh,Chandigarh
LKST730-New Delhi_Bhera enclave,LKST730,New Delhi,Delhi
LKST731-Bangalore_Kathriguppe,LKST731,Bengaluru,Karnataka
LKST732-Hyderabad_Kothapet Nagole,LKST732,Hyderabad,Telangana
LKST734-Bangalore_Horamavu,LKST734,Bengaluru,Karnataka
LKST735-Mumbai_Vasai,LKST735,Mumbai,Maharashtra
LKST736-Chennai_Kilpauk,LKST736,Chennai,Tamil Nadu
LKST739-Hyderabad_Shivam Road,LKST739,Hyderabad,Telangana
LKST73-CGROAD,LKST73,Ahmedabad,Gujarat
LKST741-Trivandrum_Pattom,LKST741,Trivandrum,Kerala
LKST742-Bangalore_RT Nagar (Dawat),LKST742,Bengaluru,Karnataka
LKST743-Kolkata_Baruipur,LKST743,Kolkata,West Bengal
LKST744-Greater Noida_Panchsheel Greens,LKST744,Noida,Uttar Pradesh
LKST745-Guwahati_Zoo Road,LKST745,Guwahati,Assam
LKST746-Lenskart,LKST746,Bengaluru,Karnataka
LKST748-Mumbai_Ram Maruti Road,LKST748,Mumbai,Maharashtra
LKST749-Hyderabad_Hyderguda,LKST749,Hyderabad,Telangana
LKST752-Jaipur_Vaishali Nagar,LKST752,Jaipur,Rajasthan
LKST754-Kolkata_Kalikapur,LKST754,Kolkata,West Bengal
LKST756-Ghaziabad_ Govindpuram,LKST756,Ghaziabad,Uttar Pradesh
LKST757-Hyderabad_Miyapur,LKST757,Hyderabad,Telangana
LKST758-Coimbatore_ Saravanampatti,LKST758,Coimbatore,Tamil Nadu
LKST759-Bangalore_Mathikere,LKST759,Bengaluru,Karnataka
LKST75-Kodambakkam Chennai Store,LKST75,Chennai,Tamil Nadu
LKST762-Bangalore_Marenhalli Road Jayanagar,LKST762,Bengaluru,Karnataka
LKST764-Bangalore_COX Town,LKST764,Bengaluru,Karnataka
LKST765-Varanasi_Rathyatra,LKST765,Varanasi,Uttar Pradesh
LKST771-Kolkata_Prince Anwarshah Road,LKST771,Kolkata,West Bengal
LKST772-Ranchi_Kanke Road,LKST772,Ranchi,Jharkhand
LKST773-Noida_Gardenia Glory Sector-46,LKST773,Noida,Uttar Pradesh
LKST775-Vadodara_Vasna Rd,LKST775,Vadodara,Gujarat
LKST776-Calicut_Mankavu,LKST776,Calicut,Kerala
LKST777-Bangalore_Seegehalli,LKST777,Bengaluru,Karnataka
LKST779-Ahemdabad_Vastral,LKST779,Ahmedabad,Gujarat
LKST77-Royapuram Chennai Store,LKST77,Chennai,Tamil Nadu
LKST780-Indore_Old Palasia Navneet plaza,LKST780,Indore,Madhya Pradesh
LKST782-Delhi_Khanna Market,LKST782,New Delhi,Delhi
LKST784-Ahmedabad_Bapunagar,LKST784,Ahmedabad,Gujarat
LKST785-Trivandrum_Karamana,LKST785,Thiruvananthapuram,Kerala
LKST786-Hyderabad_BN Reddy nagar,LKST786,Hyderabad,Telangana
LKST787-Bangalore_Varthur village,LKST787,Bengaluru,Karnataka
LKST788-Bangalore_Wilson Garden,LKST788,Bengaluru,Karnataka
LKST789-Patna_Khurji road,LKST789,Patna,Bihar
LKST791-Hyderabad_MG Road,LKST791,Hyderabad,Telangana
LKST793-Panchkula_Sector 11,LKST793,Panchkula,Haryana
LKST794-Bareilly_Civil Lines,LKST794,BAREILLY,Uttar Pradesh
LKST796-Kanpur_Swaroop Nagar,LKST796,Kanpur,Uttar Pradesh
LKST797-Bangalore_Devanhalli,LKST797,Bengaluru,Karnataka
LKST799-Calicut_Karaparambu   Junction,LKST799,Calicut,Kerala
LKST800-Cuttack_Link Road,LKST800,Bhubaneswar,odisha
LKST802-Guwahati_Dr. B Baruah Road,LKST802,Guwahati,Assam
LKST803-Lucknow_Rajajipuram,LKST803,Lucknow,Uttar Pradesh
LKST804-Bangalore_Kothanur,LKST804,Bengaluru,Karnataka
LKST805-Hyderabad_Santosh nagar,LKST805,Hyderabad,Telangana
LKST806-Kochi_Kakkanad,LKST806,Kochi,Kerala
LKST808-Chennai_Tharamani road- Velacherry,LKST808,Chennai,Tamil Nadu
LKST809-Calicut_Kunnamangalam,LKST809,Kunnamangalam,Kerala
LKST80-Ambattur Bus stand Chennai Store,LKST80,Chennai,Tamil Nadu
LKST810-Hyderabad_Tarnaka,LKST810,Hyderabad,Telangana
LKST811-Jaipur_Gopalpura,LKST811,Jaipur,Rajasthan
LKST813-Bangalore_Hegannahalli,LKST813,Bengaluru,Karnataka
LKST815-Janpath_Bhubneshwar,LKST815,Bhubaneswar,odisha
LKST816-Bangalore_Hoodi Road ITPL,LKST816,Bengaluru,Karnataka
LKST817-Vizag_Dabagarden,LKST817,Visakhapatnam,Andhra Pradesh
LKST818-Ahmedabad_Maple tree,LKST818,Ahmedabad,Gujarat
LKST819-Mumbai_Central East,LKST819,Mumbai,Maharashtra
LKST81-Noida Sec-50 Store,LKST81,Noida,Uttar Pradesh
LKST820-Jodhpur_Nai Sadak,LKST820,Jodhpur,Rajasthan
LKST823-Thane_Tropical Lagoon,LKST823,Mumbai,Maharashtra
LKST824-Kolkata_Patuli,LKST824,Kolkata,West Bengal
LKST827-Calicut_Nadakkavu,LKST827,Calicut,Kerala
LKST828-Bangalore_ Annapoornesehswari Nagar,LKST828,Bengaluru,Karnataka
LKST829-Hyderabad_SD Road,LKST829,Hyderabad,Telangana
LKST82-Annanagar Chennai Store,LKST82,Chennai,Tamil Nadu
LKST831-Pune_Dhanori,LKST831,Pune,Maharashtra
LKST832-Surat_vesu VIP road,LKST832,Surat,Gujarat
LKST835-Kolkata_Sodepur HB Town,LKST835,Hooghly,West Bengal
LKST836-Kolkata_Howrah Kadamtala,LKST836,Howrah,West Bengal
LKST837-Chennai_Triplicane High Rd,LKST837,Chennai,Tamil Nadu
LKST839-Chennai_Red hills road Ambattur,LKST839,Chennai,Tamil Nadu
LKST83-Salt Lake Kolkata Store,LKST83,Kolkata,West Bengal
LKST841-Coimbatore_Ondipur Trichy Road,LKST841,Coimbatore,Tamil Nadu
LKST844-Mumbai_Varsova Kabra Metro 1,LKST844,Mumbai,Maharashtra
LKST848-Hyderabad_Hyder Nagar,LKST848,Hyderabad,Telangana
LKST84-WHITEFIELD Bangalore Store,LKST84,Bengaluru,Karnataka
LKST850-Varanasi_Orderly Bazar,LKST850,Varanasi,Uttar Pradesh
LKST851-Mumbai_Sanpada,LKST851,Mumbai,Maharashtra
LKST852-Vadodara_Genda Circle,LKST852,Vadodara,Gujarat
LKST854-Chennai_Arumbakkam-MMDA Colony,LKST854,Chennai,Tamil Nadu
LKST861-Hyderabad_Kushaiguda,LKST861,Hyderabad,Telangana
LKST863-Vizag_Marripalem,LKST863,Visakhapatnam,Andhra Pradesh
LKST865-Navi Mumbai_Kamothe,LKST865,Mumbai,Maharashtra
LKST866-Ahmedabad_Naroda,LKST866,Ahmedabad,Gujarat
LKST867-Mumbai_Nalasopara west,LKST867,Mumbai,Maharashtra
LKST868-Bangalore_Yelahanka,LKST868,Bengaluru,Karnataka
LKST869-Coimbatore_Avinashi RoadHopes college,LKST869,Coimbatore,Tamil Nadu
LKST870-Chennai_Perungalathur,LKST870,Chennai,Tamil Nadu
LKST871-Kolkata_Champadali Barasat,LKST871,Barasat,West Bengal
LKST872-Guwahati_Hatigaon,LKST872,Guwahati,Assam
LKST876-Coimbatore_NSR Road Saibaba colony,LKST876,Coimbatore,Tamil Nadu
LKST877-Hyderabad_Nacharam,LKST877,Hyderabad,Telangana
LKST878-Chennai_ECR Neelankarai,LKST878,Chennai,Tamil Nadu
LKST879-Bangalore_Jakkur,LKST879,Bengaluru,Karnataka
LKST87-Gaurav Tower Jaipur Store,LKST87,Jaipur,Rajasthan
LKST880-Bhopal_Gulmohar colony,LKST880,Bhopal,Madhya Pradesh
LKST881-Mumbai_Virar West,LKST881,Virar,Maharashtra
LKST884-Jaipur_Khatipura Road,LKST884,Jaipur,Rajasthan
LKST885-Jaipur_Shyam Nagar,LKST885,Jaipur,Rajasthan
LKST886-Calicut_Kovoor Road,LKST886,Calicut,Kerala
LKST889-Kolkata_Sakherbazaar,LKST889,Kolkata,West Bengal
LKST88-Raipur Chattisgarh Store,LKST88,Raipur,Chhattisgarh
LKST890-Indore_Kanadia,LKST890,Indore,Madhya Pradesh
LKST892-Calicut_Koylandy,LKST892,Koylandy,Kerala
LKST893-Coimbatore_Vadavalli,LKST893,Coimbatore,Tamil Nadu
LKST894-Chandigarh_Sector 15-C,LKST894,Chandigarh,Chandigarh
LKST895-Delhi_Janakpuri,LKST895,New Delhi,Delhi
LKST897-Bangalore_Nagawara,LKST897,Bengaluru,Karnataka
LKST898-Bangalore_Anekal,LKST898,Anekal,Karnataka
LKST899-Trichy_KK Nagar 1,LKST899,Tiruchirappalli,Tamil Nadu
LKST89-MG Road Kolkata Store,LKST89,Kolkata,West Bengal
LKST900-Kolkata_Star Mall Junction,LKST900,Kolkata,West Bengal
LKST902-Indore_Airport Road,LKST902,Indore,Madhya Pradesh
LKST903-Surat_Athwa,LKST903,Surat,Gujarat
LKST905-Chennai_Madipakkam,LKST905,Chennai,Tamil Nadu
LKST906-Calicut_Kondotty,LKST906,Kondotty,Kerala
LKST907-Delhi_Select City Walk-Saket,LKST907,New Delhi,Delhi
LKST908-Patna_Ashok Rajpath,LKST908,Patna,Bihar
LKST909-Meerut_Shastri Nagar,LKST909,Meerut,Uttar Pradesh
LKST90-Tobin Road Kolkata Store,LKST90,Kolkata,West Bengal
LKST911-Kota_Talwandi,LKST911,Kota,Rajasthan
LKST912-Delhi_Neb Sarai,LKST912,New Delhi,Delhi
LKST913-Bangalore_Ramamurthy Road,LKST913,Bengaluru,Karnataka
LKST914-Panchkula_Sector 8,LKST914,Panchkula,Haryana
LKST916-Jamshedpur_Adityapur,LKST916,Jamshedpur,Jharkhand
LKST917-Bhopal_Indrapuri,LKST917,Bhopal,Madhya Pradesh
LKST918-Bhopal_kohefiza,LKST918,Bhopal,Madhya Pradesh
LKST919-Surat_LP Savani,LKST919,Surat,Gujarat
LKST91-New Alipore Kolkata Store,LKST91,Kolkata,West Bengal
LKST920-Anand,LKST920,Anand,Gujarat
LKST921-Aurangabad_Sutgirni Chowk,LKST921,Aurangabad,Maharashtra
LKST923-Pondicherry_Anna Salai 1,LKST923,Puducherry,Puducherry
LKST924-Cochin_Muvattupuzha,LKST924,Muvattupuzha,Kerala
LKST925-Bangalore_NRI Layout,LKST925,Bengaluru,Karnataka
LKST926-Chennai_Thirumullaivoyal,LKST926,Chennai,Tamil Nadu
LKST928-Chennai_Avadi NMK road,LKST928,Chennai,Tamil Nadu
LKST929-Kolkata_Mahamayatala,LKST929,Kolkata,West Bengal
LKST92-LENSKART.COM-Kharda-Kolkata Store,LKST92,Kolkata,West Bengal
LKST930-Ahmedabad_Maninagar,LKST930,Ahmedabad,Gujarat
LKST931-Bangalore_Hegde nagar,LKST931,Bengaluru,Karnataka
LKST932-Ahmedabad_Thaltej,LKST932,Ahmedabad,Gujarat
LKST933-Coimbatore_Ganapathy 2,LKST933,Coimbatore,Tamil Nadu
LKST934-Cochin_Piravom,LKST934,Piravom,Kerala
LKST935-Chennai_Velachery,LKST935,Chennai,Tamil Nadu
LKST936-Hyderabad_Uppal,LKST936,Hyderabad,Telangana
LKST937-Trivandrum_Uloor,LKST937,Trivandrum,Kerala
LKST938-Hyderabad_Vikrampuri,LKST938,Hyderabad,Telangana
LKST939-Calicut_Hilite mall,LKST939,Calicut,Kerala
LKST93-Serampore Kolkata Store,LKST93,Hooghly,West Bengal
LKST940-Chennai_Pondybazzar,LKST940,Chennai,Tamil Nadu
LKST943-Indore Scheme 54,LKST943,Indore,Madhya Pradesh
LKST945-Chennai_Korattur,LKST945,Chennai,Tamil Nadu
LKST946-Chennai_Mount Road,LKST946,Chennai,Tamil Nadu
LKST947-Pondicherry_Reddiyarpalayam,LKST947,Puducherry,Puducherry
LKST948-Jaipur_Jagatpura,LKST948,Jaipur,Rajasthan
LKST94-LENSKART.COM-Uttarpara-Kolkata Store,LKST94,Hooghly,West Bengal
LKST950-Hyderabad_Vivekananda Nagar,LKST950,Hyderabad,Telangana
LKST952-Pondicherry_Kamaraj Salai,LKST952,Puducherry,Puducherry
LKST953-Hyderabad_Narsingi 1,LKST953,Hyderabad,Telangana
LKST954-Vizag_Seethammadara,LKST954,Visakhapatnam,Andhra Pradesh
LKST955-Trivandrum_Kp Road,LKST955,Trivandrum,Kerala
LKST956-New Mumbai_Ambernath,LKST956,Mumbai,Maharashtra
LKST958-Surat_Yogi Chowk,LKST958,Surat,Gujarat
LKST959-Cuttack_Buxi Bazar,LKST959,Cuttack,odisha
LKST960-Jamshedpur_Kadma,LKST960,Jamshedpur,Jharkhand
LKST961-Dehradun_Chakrata Road,LKST961,Dehradun,Uttarakhand
LKST962-Lucknow_Chowk Thakurganj,LKST962,Lucknow,Uttar Pradesh
LKST963-Jaipur_Ajmer Road,LKST963,Jaipur,Rajasthan
LKST966-Jaipur_Vaishali Nagar 1,LKST966,Jaipur,Rajasthan
LKST967-Delhi_Ramesh Nagar,LKST967,New Delhi,Delhi
LKST968-Vizag_Ramnagar,LKST968,Visakhapatnam,Andhra Pradesh
LKST969-Madurai_Gokhale Road,LKST969,Madurai,Tamil Nadu
LKST96-Nagerbazar Kolkata Store,LKST96,Kolkata,West Bengal
LKST970-Thoduphuza_Golden tower,LKST970,Thodupuzha,Kerala
LKST971-Chennai_Mowlivakkam,LKST971,Chennai,Tamil Nadu
LKST972-Trivandrum_Attingal,LKST972,Attingal,Kerala
LKST973-Pune_Tilak Road,LKST973,Pune,Maharashtra
LKST975-Kamarhati_Kolkata,LKST975,Kamarhati,West Bengal
LKST976-Kolkata_Habra,LKST976,Kolkata,West Bengal
LKST977-Vijaywada_Bhavanipuram,LKST977,Vijayawada,Andhra Pradesh
LKST978-Bangalore_Kanakapura,LKST978,Bengaluru,Karnataka
LKST979-Hyderabad_Alwal,LKST979,Hyderabad,Telangana
LKST980-Hyderabad_Shamshbad,LKST980,Rangareddy,Telangana
LKST981-Chennai_Ayanavaram,LKST981,Chennai,Tamil Nadu
LKST982-Chennai_Urapakkam,LKST982,Chennai,Tamil Nadu
LKST983-Nagpur_Panchsheel square,LKST983,Nagpur,Maharashtra
LKST984-Bhopal_Kolhar Road,LKST984,Bhopal,Madhya Pradesh
LKST985-Ludhiana_BRS Nagar,LKST985,Ludhiana,Punjab
LKST986-Faridabad_Sector 31,LKST986,Faridabad,Haryana
LKST98-RK Salai Chennai Store,LKST98,Chennai,Tamil Nadu
LKST991-Chandigarh_Sector 7C,LKST991,Chandigarh,Chandigarh
LKST992-Noida_Sector 137,LKST992,Noida,Uttar Pradesh
LKST993-Delhi_Geeta Colony,LKST993,New Delhi,Delhi
LKST994-Gurgaon_Sapphire 90,LKST994,Gurugram,Haryana
LKST995-Lucknow_SGPGI Market,LKST995,Lucknow,Uttar Pradesh
LKST996-Faridabad_NIT-1,LKST996,Faridabad,Haryana
LKST997-Madurai_Simmakkal,LKST997,Madurai,Tamil Nadu
LKST999-Kollam_Pallimukku,LKST999,Kollam,Kerala
LKST99-Madhyamgram Kolkata Store,LKST99,Barasat,West Bengal
ST04-Prasanna Bhandagi,ST04,MAPUSA,Goa
ST07-LOOKS ENTERPRISE,ST07,Ahmedabad,Gujarat
ST100-Hasya Enterprises,ST100,Hyderabad,Telangana
ST103-Morya Enterprise,ST103,Mumbai,Maharashtra
ST107-Vishruth Optics Madhapur (Lenskart.Com),ST107,Hyderabad,Telangana
ST109-Ishaan Enterprises Padivattom,ST109,Kochi,Kerala
ST10-BIG OPTICALS,ST10,Mangalore,Karnataka
ST110-Siddharthsai events and management services Pvt lt,ST110,Hyderabad,Telangana
ST111-AIRCONNECT,ST111,Bengaluru,Karnataka
ST112-Siva Sai Enterprises,ST112,Hyderabad,Telangana
ST115-Vishruth Optics Himayatnagar (Lenskart.Com),ST115,Hyderabad,Telangana
ST118-NEW LENS CITY,ST118,Bengaluru,Karnataka
ST123-Vishruth Optics SR Nagar (Lenskart.Com),ST123,Hyderabad,Telangana
ST125-BLUEJ ENTERPRISES,ST125,Hyderabad,Telangana
ST126-P.V.Opticals,ST126,Hubli,Karnataka
ST127-The Optical Shop,ST127,Mumbai,Maharashtra
ST128-Birajdar Opticians,ST128,Solapur,Maharashtra
ST12-Nandish Enterprises,ST12,Kolhapur,Maharashtra
ST130-Infinity Opticals,ST130,Pune,Maharashtra
ST131-GOODWILL OPTICALS,ST131,Kottayam,Kerala
ST133-Urban India Ventures,ST133,Bengaluru,Karnataka
ST134-Om Lenses Bel Road,ST134,Bengaluru,Karnataka
ST136-Trinity Ventures,ST136,Pune,Maharashtra
ST137-Shree Salasar Balaji Enterprises Patia,ST137,Bhubaneswar,odisha
ST138-KARTHIKEYA OPTICS Vijayawada (Lenskart.Com),ST138,Vijayawada,Andhra Pradesh
ST141-KAY VISION Kandivali,ST141,Mumbai,Maharashtra
ST142-Navkar Enterprises,ST142,Pune,Maharashtra
ST144-Fortuna Associates,ST144,Bengaluru,Karnataka
ST148-NALINI OPTICALS,ST148,Belgaum,Karnataka
ST149-I2 Eye koramangala2,ST149,Bengaluru,Karnataka
ST14-OPTICA THE EYE WEAR,ST14,Hyderabad,Telangana
ST150-Abhav Ventures,ST150,Bengaluru,Karnataka
ST151-Perfaction optics,ST151,Patna,Bihar
ST153-Eye Deal Opticals,ST153,Mumbai,Maharashtra
ST156-seasonsmall.pune@lenskart.mobi,ST156,Pune,Maharashtra
ST157-EYEWORKS ENTERPRISES,ST157,Kurnool,Andhra Pradesh
ST158-Sahita Nidhi Enterprises,ST158,Rajahmundry,Andhra Pradesh
ST159-J.D. Fashions,ST159,Chennai,Tamil Nadu
ST15-VADIM Associates,ST15,Visakhapatnam,Andhra Pradesh
ST161-Lenskart Store (R H Enterprises),ST161,Kollam,Kerala
ST163-Dedhia Retail Services,ST163,Palghar,Maharashtra
ST165-SR ENTERPRISES,ST165,Visakhapatnam,Andhra Pradesh
ST166-Cool Optics,ST166,Tumkur,Karnataka
ST167-M/s Hasya Enterprises Chanda Nagar,ST167,Hyderabad,Telangana
ST168-La refraction,ST168,Puducherry,Puducherry
ST169-GOODRICH VENTURES LLP,ST169,Pune,Maharashtra
ST170-Vishruth Optics Tolichowki (Lenskart.Com),ST170,Hyderabad,Telangana
ST175-Params Eye Boutique,ST175,Davangere,Karnataka
ST178-Welfin Apparels,ST178,Rourkela,odisha
ST181-Shamika Organic India Pvt. Ltd.,ST181,Mumbai,Maharashtra
ST185-ANNAI OPTICALS,ST185,Dharmapuri,Tamil Nadu
ST186-LG PIPS,ST186,Tiruchirappalli,Tamil Nadu
ST187-Shamika Organic India Pvt. Ltd. Nasik,ST187,Nashik,Maharashtra
ST188-Opptic,ST188,Nagaon,Assam
ST189-Suma Venture,ST189,Shivamogga,Karnataka
ST18-SHREE SHYAM LENS CRAFTERS,ST18,Bengaluru,Karnataka
ST190-CHARMS INDIA EYEWEAR,ST190,Vellore,Tamil Nadu
ST191-Phoenix Enterprises Avinashi Road,ST191,Coimbatore,Tamil Nadu
ST192-Kushal Bharat Equipments &amp; Infrastructure,ST192,Purulia,West Bengal
ST194-THE EYE STORE,ST194,Mehsana,Gujarat